Id, Name, Path, Offset, Class, Size, Compressed Size, Compressed Block Count, Compressed Block Size, SHA1, IsEncrypted
1, T_Hom_BarChairA_A.uptnl, HomeMap/Resource/Textures/Tex128/T_Hom_BarChairA_A.uptnl, 0, uptnl, 2704, 2394, 1, 2704, 84008F620CFA26357F1746517E610FB0E3D09441, False
2, T_Hom_BarChairA_M.uptnl, HomeMap/Resource/Textures/Tex128/T_Hom_BarChairA_M.uptnl, 2467, uptnl, 2704, 1960, 1, 2704, 25818EFB0A937E52E67891C8B54DA2E7CE795909, False
3, T_Hom_BarChairA_N.uptnl, HomeMap/Resource/Textures/Tex128/T_Hom_BarChairA_N.uptnl, 4500, uptnl, 7744, 4828, 1, 7744, AF250D2CEE542023EA5B63BB13A23C795BC5193A, False
4, T_Hom_BasinA_A.uptnl, HomeMap/Resource/Textures/Tex128/T_Hom_BasinA_A.uptnl, 9401, uptnl, 2704, 2366, 1, 2704, 6FDB00456CCE6BB6123C54D44734F9BC16C76A57, False
5, T_Hom_BasinA_M.uptnl, HomeMap/Resource/Textures/Tex128/T_Hom_BasinA_M.uptnl, 11840, uptnl, 2704, 2388, 1, 2704, D819A7B4A3BD79E3CB557ED52112C20172ED5007, False
6, T_Hom_BasinA_N.uptnl, HomeMap/Resource/Textures/Tex128/T_Hom_BasinA_N.uptnl, 14301, uptnl, 7744, 5505, 1, 7744, 34933891B8FC15E17658DC2F33F2C0B0E27A4B02, False
7, T_Hom_CarpetA_A.uptnl, HomeMap/Resource/Textures/Tex128/T_Hom_CarpetA_A.uptnl, 19879, uptnl, 6864, 5914, 1, 6864, D8B0F1BA0016C4DE3C8D59ACE8E946D41D9DEFC9, False
8, T_Hom_CarpetA_M.uptnl, HomeMap/Resource/Textures/Tex128/T_Hom_CarpetA_M.uptnl, 25866, uptnl, 6864, 4700, 1, 6864, 261AB336836094BDAF84329CC438BBCF0FE07DE3, False
9, T_Hom_CarpetA_N.uptnl, HomeMap/Resource/Textures/Tex128/T_Hom_CarpetA_N.uptnl, 30639, uptnl, 19008, 12099, 1, 19008, 7C66BCF90FD35170CF7C2D60A343B0ADE64DE9FC, False
10, T_Hom_CarpetB_A.uptnl, HomeMap/Resource/Textures/Tex128/T_Hom_CarpetB_A.uptnl, 42811, uptnl, 6864, 5411, 1, 6864, B0DC7BC9DB47113B75E816373CCC66B0E4C45837, False
11, T_Hom_CarpetB_M.uptnl, HomeMap/Resource/Textures/Tex128/T_Hom_CarpetB_M.uptnl, 48295, uptnl, 6864, 4707, 1, 6864, 9B96569193B564A4B3F0DF9C26B8B471DE39F8F8, False
12, T_Hom_CarpetB_N.uptnl, HomeMap/Resource/Textures/Tex128/T_Hom_CarpetB_N.uptnl, 53075, uptnl, 19008, 11965, 1, 19008, 8321E18A24F8F27B2D4A5C57AEF174943D0E3651, False
13, T_Hom_CarpetC_A.uptnl, HomeMap/Resource/Textures/Tex128/T_Hom_CarpetC_A.uptnl, 65113, uptnl, 1456, 1263, 1, 1456, 9F229965040CC967D30E2CAB9BBA7E8AAC6A54E6, False
14, T_Hom_CarpetC_M.uptnl, HomeMap/Resource/Textures/Tex128/T_Hom_CarpetC_M.uptnl, 66449, uptnl, 1456, 1136, 1, 1456, 0969DACD45304FFA0F69A4ED8D0061F42CAE6C56, False
15, T_Hom_CarpetC_N.uptnl, HomeMap/Resource/Textures/Tex128/T_Hom_CarpetC_N.uptnl, 67658, uptnl, 3872, 3335, 1, 3872, 44065032DAFE702E63D0225E0B103E0047BFCDD8, False
16, T_Hom_CarpetD_A.uptnl, HomeMap/Resource/Textures/Tex128/T_Hom_CarpetD_A.uptnl, 71066, uptnl, 1456, 1279, 1, 1456, 7089C00A21308A5665BF1478F0334C0533A0D80E, False
17, T_Hom_CarpetD_M.uptnl, HomeMap/Resource/Textures/Tex128/T_Hom_CarpetD_M.uptnl, 72418, uptnl, 1456, 1194, 1, 1456, FA82E73687D89D8F1DB92F5CAF3EAD18273D5CD4, False
18, T_Hom_CarpetD_N.uptnl, HomeMap/Resource/Textures/Tex128/T_Hom_CarpetD_N.uptnl, 73685, uptnl, 3872, 3382, 1, 3872, 54C6817223A0A1D9F8247EA5A30BA6D329E6941E, False
19, T_Hom_CarpetE_A.uptnl, HomeMap/Resource/Textures/Tex128/T_Hom_CarpetE_A.uptnl, 77140, uptnl, 1456, 1278, 1, 1456, F53A98450D33F12FC970B1035122E730CEF27B26, False
20, T_Hom_CarpetE_M.uptnl, HomeMap/Resource/Textures/Tex128/T_Hom_CarpetE_M.uptnl, 78491, uptnl, 1456, 1017, 1, 1456, 3E614B74FEBC7E4E9E574F0BB8A9349797A3FE6E, False
21, T_Hom_CarpetE_N.uptnl, HomeMap/Resource/Textures/Tex128/T_Hom_CarpetE_N.uptnl, 79581, uptnl, 3872, 3327, 1, 3872, 2D307D04395C1A4E3D3981D3172D204C647F6C4B, False
22, T_Hom_CarpetF_A.uptnl, HomeMap/Resource/Textures/Tex128/T_Hom_CarpetF_A.uptnl, 82981, uptnl, 1456, 1167, 1, 1456, 635A7B674AC45030E8DEC81BC64202784331A3FF, False
23, T_Hom_CarpetF_M.uptnl, HomeMap/Resource/Textures/Tex128/T_Hom_CarpetF_M.uptnl, 84221, uptnl, 1456, 1092, 1, 1456, 963FD8BB43D8A34006FB624DD8C693BE1E06B9A5, False
24, T_Hom_CarpetF_N.uptnl, HomeMap/Resource/Textures/Tex128/T_Hom_CarpetF_N.uptnl, 85386, uptnl, 3872, 2775, 1, 3872, 5DAA1DBEC07EFB961D8144EB4A9273CB88536D9B, False
25, T_Hom_CarpetG_A.uptnl, HomeMap/Resource/Textures/Tex128/T_Hom_CarpetG_A.uptnl, 88234, uptnl, 1456, 1456, 0, 0, FAA17BB86EE260CCE694AF6346CAC9EE35692BE8, False
26, T_Hom_CarpetG_M.uptnl, HomeMap/Resource/Textures/Tex128/T_Hom_CarpetG_M.uptnl, 89743, uptnl, 1456, 1153, 1, 1456, 2E2E5C1C75B02F3C90579B78E7804350EA3EC097, False
27, T_Hom_CarpetG_N.uptnl, HomeMap/Resource/Textures/Tex128/T_Hom_CarpetG_N.uptnl, 90969, uptnl, 3872, 3178, 1, 3872, DAF394A567A119D335EC8374BE1A53155C6F4CFB, False
28, T_Hom_CarpetH_A.uptnl, HomeMap/Resource/Textures/Tex128/T_Hom_CarpetH_A.uptnl, 94220, uptnl, 1456, 1253, 1, 1456, C74FF3EC11A64039F9BD17FFEDC5C13ECBFDEC66, False
29, T_Hom_CarpetH_M.uptnl, HomeMap/Resource/Textures/Tex128/T_Hom_CarpetH_M.uptnl, 95546, uptnl, 1456, 1045, 1, 1456, 7302CF1FCFF1D8E8801325C70A92C8E0D3910945, False
30, T_Hom_CarpetH_N.uptnl, HomeMap/Resource/Textures/Tex128/T_Hom_CarpetH_N.uptnl, 96664, uptnl, 3872, 2075, 1, 3872, 0AAC7DEB7A4EA6FD7E9041186C9FCA2F09F50729, False
31, T_Hom_CarpetI_A.uptnl, HomeMap/Resource/Textures/Tex128/T_Hom_CarpetI_A.uptnl, 98812, uptnl, 6864, 5713, 1, 6864, 34FED451934FC1006188E7DBBE29569CDA6E9B52, False
32, T_Hom_CarpetI_M.uptnl, HomeMap/Resource/Textures/Tex128/T_Hom_CarpetI_M.uptnl, 104598, uptnl, 6864, 4353, 1, 6864, 4CF91C956D67B1633FF716600D8FA41793F4C90F, False
33, T_Hom_CarpetI_N.uptnl, HomeMap/Resource/Textures/Tex128/T_Hom_CarpetI_N.uptnl, 109024, uptnl, 19008, 11787, 1, 19008, F01972347CD0C0C123340854BD12A1066F8F8FA0, False
34, T_Hom_ChairB_A.uptnl, HomeMap/Resource/Textures/Tex128/T_Hom_ChairB_A.uptnl, 120884, uptnl, 2704, 2268, 1, 2704, 13F15480F613A0A32812AC1A26AD26EC566E7296, False
35, T_Hom_ChairB_M.uptnl, HomeMap/Resource/Textures/Tex128/T_Hom_ChairB_M.uptnl, 123225, uptnl, 2704, 2704, 0, 0, 0B071CE49D3507E2260EA5416FC5CF359DC98605, False
36, T_Hom_ChairB_N.uptnl, HomeMap/Resource/Textures/Tex128/T_Hom_ChairB_N.uptnl, 125982, uptnl, 7744, 6351, 1, 7744, 8681848A2CF864DD194AF8912853B4C62D43F93A, False
37, T_Hom_Couch_A.uptnl, HomeMap/Resource/Textures/Tex128/T_Hom_Couch_A.uptnl, 132406, uptnl, 56784, 43686, 1, 56784, 80B00FBFD0C89BAC11A1292A160C174F17E03637, False
38, T_Hom_Couch_M.uptnl, HomeMap/Resource/Textures/Tex128/T_Hom_Couch_M.uptnl, 176165, uptnl, 56784, 34030, 1, 56784, 7F79FB88AA809C610E3E536E1C1D53B632B7251C, False
39, T_Hom_Couch_N.uptnl, HomeMap/Resource/Textures/Tex128/T_Hom_Couch_N.uptnl, 210268, uptnl, 155664, 128243, 1, 155664, 1C490245CE93F2A7A831F770A2760C8726C07DA6, False
40, T_Hom_Lamp_A.uptnl, HomeMap/Resource/Textures/Tex128/T_Hom_Lamp_A.uptnl, 338584, uptnl, 56784, 35856, 1, 56784, ABC413FD781E3C9B5865E896CF15C030F42F3D1E, False
41, T_Hom_Lamp_M.uptnl, HomeMap/Resource/Textures/Tex128/T_Hom_Lamp_M.uptnl, 374513, uptnl, 56784, 28004, 1, 56784, EC871FE2A8544A28B6835481B4B62B70D05A2B1C, False
42, T_Hom_Lamp_N.uptnl, HomeMap/Resource/Textures/Tex128/T_Hom_Lamp_N.uptnl, 402590, uptnl, 155664, 69992, 1, 155664, 09E3AB1BD9C20E9EF8A6E3257194EBB00910E9AD, False
43, T_Hom_LampC_A.uptnl, HomeMap/Resource/Textures/Tex128/T_Hom_LampC_A.uptnl, 472655, uptnl, 1456, 888, 1, 1456, C88C6E58012B2B2C72F083EA0095B1C982CB1DF7, False
44, T_Hom_LampC_M.uptnl, HomeMap/Resource/Textures/Tex128/T_Hom_LampC_M.uptnl, 473616, uptnl, 1456, 863, 1, 1456, 26F1272EEF5A9587DD6037D00D6388DAD413BC87, False
45, T_Hom_LampC_N.uptnl, HomeMap/Resource/Textures/Tex128/T_Hom_LampC_N.uptnl, 474552, uptnl, 3872, 1066, 1, 3872, 23D573BC5337BE348298CA7C55F22A01D3731A90, False
46, T_Hom_LowWall_A.uptnl, HomeMap/Resource/Textures/Tex128/T_Hom_LowWall_A.uptnl, 475691, uptnl, 13520, 8254, 1, 13520, 73F67B78AE67BA06360DD67A469F2728EC24A3C6, False
47, T_Hom_LowWall_M.uptnl, HomeMap/Resource/Textures/Tex128/T_Hom_LowWall_M.uptnl, 484018, uptnl, 13520, 7574, 1, 13520, F2E89052AA64DBD5F1C28E9D0DAFAA27014BFF95, False
48, T_Hom_LowWall_N.uptnl, HomeMap/Resource/Textures/Tex128/T_Hom_LowWall_N.uptnl, 491665, uptnl, 37328, 13326, 1, 37328, DED35D0F348D1DCA6596222D6051DA3368DEC113, False
49, T_Hom_NoviceTV_A.uptnl, HomeMap/Resource/Textures/Tex128/T_Hom_NoviceTV_A.uptnl, 505064, uptnl, 56784, 41249, 1, 56784, AD952A5235420652B74CB4E83E78796175F95BC8, False
50, T_Hom_NoviceTV_M.uptnl, HomeMap/Resource/Textures/Tex128/T_Hom_NoviceTV_M.uptnl, 546386, uptnl, 2704, 2269, 1, 2704, 1E3739F19526F1562F36EE2F951C8D00E0FB881D, False
51, T_Hom_NoviceTV_N.uptnl, HomeMap/Resource/Textures/Tex128/T_Hom_NoviceTV_N.uptnl, 548728, uptnl, 155664, 75206, 1, 155664, C1835678DE8C6E048731261DA12C64B9990631F2, False
52, T_Hom_ParterreA_A.uptnl, HomeMap/Resource/Textures/Tex128/T_Hom_ParterreA_A.uptnl, 624007, uptnl, 2704, 2402, 1, 2704, C9648CE9F4939497987D04CBB19B640BF11C15BA, False
53, T_Hom_ParterreA_M.uptnl, HomeMap/Resource/Textures/Tex128/T_Hom_ParterreA_M.uptnl, 626482, uptnl, 2704, 1690, 1, 2704, 47B8D846DB81ADA8A4C9154574A6396D832FC9C1, False
54, T_Hom_ParterreA_N.uptnl, HomeMap/Resource/Textures/Tex128/T_Hom_ParterreA_N.uptnl, 628245, uptnl, 7744, 6402, 1, 7744, F7766814F4C818F6BBD671B7197DCEAAE8F39F51, False
55, T_Hom_PillarA_A.uptnl, HomeMap/Resource/Textures/Tex128/T_Hom_PillarA_A.uptnl, 634720, uptnl, 2704, 2253, 1, 2704, 7E3EC8C2258E9C8D0D4240FE3AC83867A02AFD77, False
56, T_Hom_PillarA_M.uptnl, HomeMap/Resource/Textures/Tex128/T_Hom_PillarA_M.uptnl, 637046, uptnl, 2704, 2251, 1, 2704, 80C17C7A7BCEFED8181FB12EBEA8FBC16EF9162A, False
57, T_Hom_PillarA_N.uptnl, HomeMap/Resource/Textures/Tex128/T_Hom_PillarA_N.uptnl, 639370, uptnl, 7744, 2442, 1, 7744, B71F31EC9C2B0E6F762B59C435F886CD15BFC44D, False
58, T_Hom_PlateA_A.uptnl, HomeMap/Resource/Textures/Tex128/T_Hom_PlateA_A.uptnl, 641885, uptnl, 2704, 2217, 1, 2704, 43743BCF9F0422AAF88CC0044A405E9EDE20A6F7, False
59, T_Hom_PlateA_M.uptnl, HomeMap/Resource/Textures/Tex128/T_Hom_PlateA_M.uptnl, 644175, uptnl, 2704, 1952, 1, 2704, 952200D0894ED4271C8B53EA233EF739DB1D03B8, False
60, T_Hom_PlateA_N.uptnl, HomeMap/Resource/Textures/Tex128/T_Hom_PlateA_N.uptnl, 646200, uptnl, 7744, 5519, 1, 7744, EEFFB6AA57FA438B99466EF38E3BFF26D2C7A9E2, False
61, T_Hom_PlateB_A.uptnl, HomeMap/Resource/Textures/Tex128/T_Hom_PlateB_A.uptnl, 651792, uptnl, 2704, 2262, 1, 2704, 0F058DC5F0FDE61F6F764834A41182E30DF1AC29, False
62, T_Hom_PlateB_M.uptnl, HomeMap/Resource/Textures/Tex128/T_Hom_PlateB_M.uptnl, 654127, uptnl, 2704, 1997, 1, 2704, 71DA20E4E78DA76AB03508F53D2D08CC48453DE4, False
63, T_Hom_PlateB_N.uptnl, HomeMap/Resource/Textures/Tex128/T_Hom_PlateB_N.uptnl, 656197, uptnl, 7744, 5604, 1, 7744, A8CCE4BDBB7A268E122645B0E7496A9B405B2725, False
64, T_Hom_PlateC_A.uptnl, HomeMap/Resource/Textures/Tex128/T_Hom_PlateC_A.uptnl, 661874, uptnl, 2704, 2270, 1, 2704, 3D64FD4F22CC9E6F02EF8935D74AD87A73DB9847, False
65, T_Hom_PlateC_M.uptnl, HomeMap/Resource/Textures/Tex128/T_Hom_PlateC_M.uptnl, 664217, uptnl, 2704, 1487, 1, 2704, CC29551F62D2D649EC40616A385A0857A9D446A5, False
66, T_Hom_PlateC_N.uptnl, HomeMap/Resource/Textures/Tex128/T_Hom_PlateC_N.uptnl, 665777, uptnl, 7744, 5222, 1, 7744, D03D0CDA24ACCBBE0BA77C11904228FBEDEF9123, False
67, T_Hom_PlateD_A.uptnl, HomeMap/Resource/Textures/Tex128/T_Hom_PlateD_A.uptnl, 671072, uptnl, 13520, 6431, 1, 13520, 19FA7ADEC7B6DC651BC0D67B0E9C5B5AD3FAC1DE, False
68, T_Hom_PlateD_M.uptnl, HomeMap/Resource/Textures/Tex128/T_Hom_PlateD_M.uptnl, 677576, uptnl, 13520, 7467, 1, 13520, E2B07498A789F37FD7D5F015B8B6253A6E66BFF9, False
69, T_Hom_PlateD_N.uptnl, HomeMap/Resource/Textures/Tex128/T_Hom_PlateD_N.uptnl, 685116, uptnl, 37328, 12459, 1, 37328, 016587C57EAF56588F32C2CA0488F02D8607792D, False
70, T_Hom_TableA_A.uptnl, HomeMap/Resource/Textures/Tex128/T_Hom_TableA_A.uptnl, 697648, uptnl, 2704, 2704, 0, 0, 1D6C24476E20BB298FF508D38F0962745C1CC654, False
71, T_Hom_TableA_M.uptnl, HomeMap/Resource/Textures/Tex128/T_Hom_TableA_M.uptnl, 700405, uptnl, 2704, 2333, 1, 2704, ACEF202A47122DFDBFC54C2EA96DB1FD751AC1DD, False
72, T_Hom_TableA_N.uptnl, HomeMap/Resource/Textures/Tex128/T_Hom_TableA_N.uptnl, 702811, uptnl, 7744, 6521, 1, 7744, 18C29D734C2E0AEEFDEC369AD49D1A6F376788FE, False
73, T_Hom_VaseA_A.uptnl, HomeMap/Resource/Textures/Tex128/T_Hom_VaseA_A.uptnl, 709405, uptnl, 2704, 2704, 0, 0, 5EC826219CF795FF7DE8F5F20B3ECBB5509C8713, False
74, T_Hom_VaseA_M.uptnl, HomeMap/Resource/Textures/Tex128/T_Hom_VaseA_M.uptnl, 712162, uptnl, 2704, 2195, 1, 2704, DD5B15607967DC343170A272864B73544EDA4450, False
75, T_Hom_VaseA_N.uptnl, HomeMap/Resource/Textures/Tex128/T_Hom_VaseA_N.uptnl, 714430, uptnl, 7744, 5593, 1, 7744, 7064435FF6D4B1606E75906264F70743E8D8608B, False
76, T_Hom_FlowerA_AA.uptnl, HomeMap/Resource/Textures/Tex128_A/T_Hom_FlowerA_AA.uptnl, 720096, uptnl, 7744, 5105, 1, 7744, 24A44C464DD3CE445B5D874EB0C2E9158783ECAD, False
77, T_Hom_FlowerC_AA.uptnl, HomeMap/Resource/Textures/Tex128_A/T_Hom_FlowerC_AA.uptnl, 725274, uptnl, 7744, 4250, 1, 7744, 6C132966F16CFF02E8AC8F48FD0DBF63112C695B, False
78, T_Hom_GrassA_AA.uptnl, HomeMap/Resource/Textures/Tex128_A/T_Hom_GrassA_AA.uptnl, 729597, uptnl, 37328, 18282, 1, 37328, 62D0FD87E3B89205A0E5FBF7DA5E8315BB8B4D9A, False
79, T_Hom_BarTableA_A.uptnl, HomeMap/Resource/Textures/Tex256/T_Hom_BarTableA_A.uptnl, 747952, uptnl, 28496, 18253, 1, 28496, 50FDE8FE83A1FF2F70D00A32B9F50529C4A6BB1E, False
80, T_Hom_BarTableA_M.uptnl, HomeMap/Resource/Textures/Tex256/T_Hom_BarTableA_M.uptnl, 766278, uptnl, 28496, 16897, 1, 28496, A28DD696EC40C427F22A544E829B88E0E4711309, False
81, T_Hom_BarTableA_N.uptnl, HomeMap/Resource/Textures/Tex256/T_Hom_BarTableA_N.uptnl, 783248, uptnl, 78176, 23824, 1, 78176, FD3CACB700F66D03BD2790180FFF0CADDC466DA3, False
82, T_Hom_Base_A.uptnl, HomeMap/Resource/Textures/Tex256/T_Hom_Base_A.uptnl, 807145, uptnl, 13520, 7550, 1, 13520, C3AC25B117B84CDFD74AAFCEFC00A324CBDA77D6, False
83, T_Hom_Base_M.uptnl, HomeMap/Resource/Textures/Tex256/T_Hom_Base_M.uptnl, 814768, uptnl, 13520, 7026, 1, 13520, 77859CD4BDCDB8EF136BEAC553F8600EB0F539D0, False
84, T_Hom_Base_N.uptnl, HomeMap/Resource/Textures/Tex256/T_Hom_Base_N.uptnl, 821867, uptnl, 37328, 10965, 1, 37328, 6E4AED6A9C07C185CEB8C3ED2D94360998F54153, False
85, T_Hom_BedA_A.uptnl, HomeMap/Resource/Textures/Tex256/T_Hom_BedA_A.uptnl, 832905, uptnl, 2704, 2400, 1, 2704, D963C0270876674B33B4610F442EE42FC5A44183, False
86, T_Hom_BedA_M.uptnl, HomeMap/Resource/Textures/Tex256/T_Hom_BedA_M.uptnl, 835378, uptnl, 2704, 2212, 1, 2704, 6B01F7208D17D3FC361FF1151DDA0186B5866BB3, False
87, T_Hom_BedA_N.uptnl, HomeMap/Resource/Textures/Tex256/T_Hom_BedA_N.uptnl, 837663, uptnl, 7744, 5537, 1, 7744, EF141B421A4F388E688F37FBDF9CB3C9FEAA80FE, False
88, T_Hom_CanopyA_A.uptnl, HomeMap/Resource/Textures/Tex256/T_Hom_CanopyA_A.uptnl, 843273, uptnl, 28496, 14481, 1, 28496, 11193025384F499FCB3552C2F6C2364981EDB811, False
89, T_Hom_CanopyA_M.uptnl, HomeMap/Resource/Textures/Tex256/T_Hom_CanopyA_M.uptnl, 857827, uptnl, 28496, 17316, 1, 28496, 6B57FF213ADB3493777DE3D4A9D7BF02A5A237B8, False
90, T_Hom_CanopyA_N.uptnl, HomeMap/Resource/Textures/Tex256/T_Hom_CanopyA_N.uptnl, 875216, uptnl, 78176, 26932, 1, 78176, D6169FA63EDD769D6C4C5A499DC4F7A85572BCD4, False
91, T_Hom_CanopyB_A.uptnl, HomeMap/Resource/Textures/Tex256/T_Hom_CanopyB_A.uptnl, 902221, uptnl, 28496, 15643, 1, 28496, 3CC4316685CBBC245FD74763700AEE7C39E5D374, False
92, T_Hom_CanopyB_M.uptnl, HomeMap/Resource/Textures/Tex256/T_Hom_CanopyB_M.uptnl, 917937, uptnl, 28496, 14885, 1, 28496, 694558ACB7A8A123D5BBAA560BD2FE34BB8487C7, False
93, T_Hom_CanopyB_N.uptnl, HomeMap/Resource/Textures/Tex256/T_Hom_CanopyB_N.uptnl, 932895, uptnl, 78176, 23726, 1, 78176, B643C7E034BB980EFE78990BE4CBF135651E9115, False
94, T_Hom_CanopyC_A.uptnl, HomeMap/Resource/Textures/Tex256/T_Hom_CanopyC_A.uptnl, 956694, uptnl, 28496, 16504, 1, 28496, 1BAE8516306C69CEDC15A7AB23B8096748085C09, False
95, T_Hom_CanopyC_M.uptnl, HomeMap/Resource/Textures/Tex256/T_Hom_CanopyC_M.uptnl, 973271, uptnl, 28496, 16260, 1, 28496, 2FA6180FE8DEA7D12702EAFB82931C319C324132, False
96, T_Hom_CanopyC_N.uptnl, HomeMap/Resource/Textures/Tex256/T_Hom_CanopyC_N.uptnl, 989604, uptnl, 78176, 33643, 1, 78176, 67E0C70583F52413F59FC70407700BFBD4A73ACA, False
97, T_Hom_Cement_A.uptnl, HomeMap/Resource/Textures/Tex256/T_Hom_Cement_A.uptnl, 1023320, uptnl, 6864, 5881, 1, 6864, 9639184C4D480C201A9DB188B2F66F99C5B8D553, False
98, T_Hom_Cement_M.uptnl, HomeMap/Resource/Textures/Tex256/T_Hom_Cement_M.uptnl, 1029274, uptnl, 6864, 4644, 1, 6864, C09DAE9F109EBF0BD24AB161673E0A65E3204D1B, False
99, T_Hom_Cement_N.uptnl, HomeMap/Resource/Textures/Tex256/T_Hom_Cement_N.uptnl, 1033991, uptnl, 19008, 10353, 1, 19008, E65E10467FD7CE52CE970742E7C73D017164F85D, False
100, T_Hom_DartsA_A.uptnl, HomeMap/Resource/Textures/Tex256/T_Hom_DartsA_A.uptnl, 1044417, uptnl, 2704, 2704, 0, 0, 020B7DB76DCF81C8DE6C77641E1C0491BAEBB62E, False
101, T_Hom_DartsA_M.uptnl, HomeMap/Resource/Textures/Tex256/T_Hom_DartsA_M.uptnl, 1047174, uptnl, 2704, 2392, 1, 2704, B5DDB20C688804E989D4399FFE59A0D657256951, False
102, T_Hom_DartsA_N.uptnl, HomeMap/Resource/Textures/Tex256/T_Hom_DartsA_N.uptnl, 1049639, uptnl, 7744, 5125, 1, 7744, AD8952F36A8AF97C23A0D1493B3EDF5E2DF12D9C, False
103, T_Hom_Door_A.uptnl, HomeMap/Resource/Textures/Tex256/T_Hom_Door_A.uptnl, 1054837, uptnl, 56784, 33011, 1, 56784, 444CF567F1A89D9F3C7FD7F9BD54EFFC1500FC7C, False
104, T_Hom_Door_M.uptnl, HomeMap/Resource/Textures/Tex256/T_Hom_Door_M.uptnl, 1087921, uptnl, 56784, 31188, 1, 56784, 9A14C998151BA7AD0B8E16A1925A8C1792FFE3CB, False
105, T_Hom_Door_N.uptnl, HomeMap/Resource/Textures/Tex256/T_Hom_Door_N.uptnl, 1119182, uptnl, 155664, 60755, 1, 155664, 48E6DCA56191B23465C39DAAD60D59471F2EC5F8, False
106, T_Hom_FenceA_A.uptnl, HomeMap/Resource/Textures/Tex256/T_Hom_FenceA_A.uptnl, 1180010, uptnl, 13520, 3493, 1, 13520, A099547A210F1D82AEC4E8889DC67921FB784254, False
107, T_Hom_FenceA_M.uptnl, HomeMap/Resource/Textures/Tex256/T_Hom_FenceA_M.uptnl, 1183576, uptnl, 13520, 3204, 1, 13520, CD479F66AC332CAD72F109002D784D8F8CB0BD9C, False
108, T_Hom_FenceA_N.uptnl, HomeMap/Resource/Textures/Tex256/T_Hom_FenceA_N.uptnl, 1186853, uptnl, 37328, 3217, 1, 37328, ECB0256996A2BEF794AA05BE50EC5D0B7B95ACA4, False
109, T_Hom_Gdgrass_AA.uptnl, HomeMap/Resource/Textures/Tex256/T_Hom_Gdgrass_AA.uptnl, 1190143, uptnl, 19008, 16655, 1, 19008, 0DABA8F5BBAE411B1A377C754D13DF48B905F205, False
110, T_Hom_Gdgrass_M.uptnl, HomeMap/Resource/Textures/Tex256/T_Hom_Gdgrass_M.uptnl, 1206871, uptnl, 6864, 51, 1, 6864, F15BC0973C656E8E25BD04B26355E84EC64FA916, False
111, T_Hom_Gdgrass_N.uptnl, HomeMap/Resource/Textures/Tex256/T_Hom_Gdgrass_N.uptnl, 1206995, uptnl, 19008, 16601, 1, 19008, 768D3575C25567AF3148E2A184AAF0BF317CD8AE, False
112, T_Hom_Move_A.uptnl, HomeMap/Resource/Textures/Tex256/T_Hom_Move_A.uptnl, 1223669, uptnl, 56784, 31562, 1, 56784, 966EF9D8FDDAC9336FEC7D729D917905611C72F8, False
113, T_Hom_Move_M.uptnl, HomeMap/Resource/Textures/Tex256/T_Hom_Move_M.uptnl, 1255304, uptnl, 56784, 33089, 1, 56784, ED2F1A056250DE75498FA4B3AD7B47E69619BFAD, False
114, T_Hom_Move_N.uptnl, HomeMap/Resource/Textures/Tex256/T_Hom_Move_N.uptnl, 1288466, uptnl, 155664, 49266, 1, 155664, FB4600B19DA51CC8C49D68D2579DA398F2860B08, False
115, T_Hom_Picture_A.uptnl, HomeMap/Resource/Textures/Tex256/T_Hom_Picture_A.uptnl, 1337805, uptnl, 56784, 43869, 1, 56784, 04A7D9FF85AF70D73692CAAF095931D646F1C40E, False
116, T_Hom_Picture_M.uptnl, HomeMap/Resource/Textures/Tex256/T_Hom_Picture_M.uptnl, 1381747, uptnl, 56784, 20577, 1, 56784, 2FE47B484B582F67B6DB3AEE8D41F2305AB71701, False
117, T_Hom_Picture_N.uptnl, HomeMap/Resource/Textures/Tex256/T_Hom_Picture_N.uptnl, 1402397, uptnl, 155664, 43035, 1, 155664, A085FA9CCCB707F2BF5631C103567D2CD32E429E, False
118, T_Hom_Quay_A.uptnl, HomeMap/Resource/Textures/Tex256/T_Hom_Quay_A.uptnl, 1445505, uptnl, 13520, 8709, 1, 13520, BAC06189677002AEBC8B2B1199CDD3E818DB5FF2, False
119, T_Hom_Quay_M.uptnl, HomeMap/Resource/Textures/Tex256/T_Hom_Quay_M.uptnl, 1454287, uptnl, 13520, 7663, 1, 13520, 4EBD685CE75EA81764564C14021250BF0FFA3686, False
120, T_Hom_Quay_N.uptnl, HomeMap/Resource/Textures/Tex256/T_Hom_Quay_N.uptnl, 1462023, uptnl, 37328, 11651, 1, 37328, 1393D10A2D29A416AFBE3FDD0272EF360D9F5394, False
121, T_Hom_RoofA_A.uptnl, HomeMap/Resource/Textures/Tex256/T_Hom_RoofA_A.uptnl, 1473747, uptnl, 6864, 5297, 1, 6864, 96BB5F4747920B2B2689D566BAC1E682A1A3A6AB, False
122, T_Hom_RoofA_M.uptnl, HomeMap/Resource/Textures/Tex256/T_Hom_RoofA_M.uptnl, 1479117, uptnl, 6864, 4508, 1, 6864, F5BA7F5B469FA4F6DF80D9912AF22BB40A487E7B, False
123, T_Hom_RoofA_N.uptnl, HomeMap/Resource/Textures/Tex256/T_Hom_RoofA_N.uptnl, 1483698, uptnl, 19008, 11938, 1, 19008, 02E2F7F9DBCC570F514506C10BE6841BFE16D1C9, False
124, T_Hom_RoofB_A.uptnl, HomeMap/Resource/Textures/Tex256/T_Hom_RoofB_A.uptnl, 1495709, uptnl, 6864, 4607, 1, 6864, 830823822639302651B34525C201614AD4B8128D, False
125, T_Hom_RoofB_M.uptnl, HomeMap/Resource/Textures/Tex256/T_Hom_RoofB_M.uptnl, 1500389, uptnl, 6864, 3971, 1, 6864, 46DEE76AFD4A46241A006C69BE8F2B2594CC2C9B, False
126, T_Hom_RoofB_N.uptnl, HomeMap/Resource/Textures/Tex256/T_Hom_RoofB_N.uptnl, 1504433, uptnl, 19008, 10187, 1, 19008, 94A4350D9257DFEDBBAE36E48735A2521C966AA3, False
127, T_Hom_RoofC_A.uptnl, HomeMap/Resource/Textures/Tex256/T_Hom_RoofC_A.uptnl, 1514693, uptnl, 6864, 4083, 1, 6864, 95D01C6FB93227FC51C7C943648CF01CF81AC6C4, False
128, T_Hom_RoofC_M.uptnl, HomeMap/Resource/Textures/Tex256/T_Hom_RoofC_M.uptnl, 1518849, uptnl, 6864, 4922, 1, 6864, 6EFFA9EC5343EACEA69447483E7F0197C8812056, False
129, T_Hom_RoofC_N.uptnl, HomeMap/Resource/Textures/Tex256/T_Hom_RoofC_N.uptnl, 1523844, uptnl, 19008, 10204, 1, 19008, 602DD80817E9AAF6D6E243266A199E792D9D5289, False
130, T_Hom_Stairs_A.uptnl, HomeMap/Resource/Textures/Tex256/T_Hom_Stairs_A.uptnl, 1534121, uptnl, 56784, 28013, 1, 56784, D611A47BF99FEE99F09A3C57BDBCA304A2493828, False
131, T_Hom_Stairs_M.uptnl, HomeMap/Resource/Textures/Tex256/T_Hom_Stairs_M.uptnl, 1562207, uptnl, 56784, 25449, 1, 56784, F2622ECB21C48F751503AE622FADF0309E9DE1DA, False
132, T_Hom_Stairs_N.uptnl, HomeMap/Resource/Textures/Tex256/T_Hom_Stairs_N.uptnl, 1587729, uptnl, 155664, 43693, 1, 155664, 59D729BBF05A21C539F5230F045F364E4E0B9F66, False
133, T_Hom_StairsA_A.uptnl, HomeMap/Resource/Textures/Tex256/T_Hom_StairsA_A.uptnl, 1631495, uptnl, 56784, 34032, 1, 56784, EC4954412D34FC008C678A20B4B1B0EAC5837ABB, False
134, T_Hom_StairsB_M.uptnl, HomeMap/Resource/Textures/Tex256/T_Hom_StairsB_M.uptnl, 1665600, uptnl, 56784, 26502, 1, 56784, DCD3002D14707CC0DFE3990C27A3FBBE8B9F02EE, False
135, T_Hom_StairsB_N.uptnl, HomeMap/Resource/Textures/Tex256/T_Hom_StairsB_N.uptnl, 1692175, uptnl, 155664, 54752, 1, 155664, F159864465CE16C7BFFFE950BF1D76C730FAA2A7, False
136, T_Hom_SunshadeB_A.uptnl, HomeMap/Resource/Textures/Tex256/T_Hom_SunshadeB_A.uptnl, 1747000, uptnl, 13520, 11611, 1, 13520, E087BCE5EAF00F793A7CAEDD069B5D595E28EF4A, False
137, T_Hom_SunshadeB_M.uptnl, HomeMap/Resource/Textures/Tex256/T_Hom_SunshadeB_M.uptnl, 1758684, uptnl, 13520, 10475, 1, 13520, 19BE43E5A323032B9B3A0C5D10966641B6A86C68, False
138, T_Hom_SunshadeB_N.uptnl, HomeMap/Resource/Textures/Tex256/T_Hom_SunshadeB_N.uptnl, 1769232, uptnl, 37328, 20175, 1, 37328, 66FB9117B373CB005C8364EED42F779D82C133A4, False
139, T_Hom_TableB_A.uptnl, HomeMap/Resource/Textures/Tex256/T_Hom_TableB_A.uptnl, 1789480, uptnl, 56784, 41012, 1, 56784, 9A5B1A69F306F25E317FFF4F5995F5407D5643F4, False
140, T_Hom_TableB_M.uptnl, HomeMap/Resource/Textures/Tex256/T_Hom_TableB_M.uptnl, 1830565, uptnl, 56784, 35261, 1, 56784, 7D4012C2BCDB7206F7CA0B94F1C8BC806B096FC0, False
141, T_Hom_TableB_N.uptnl, HomeMap/Resource/Textures/Tex256/T_Hom_TableB_N.uptnl, 1865899, uptnl, 155664, 76352, 1, 155664, D97C1635D28E890A11486991FEE9C4B409A60471, False
142, T_Hom_TableC_A.uptnl, HomeMap/Resource/Textures/Tex256/T_Hom_TableC_A.uptnl, 1942324, uptnl, 13520, 10084, 1, 13520, A59BD57CD7B673560505D689A5966AC4BF101E2B, False
143, T_Hom_TableC_M.uptnl, HomeMap/Resource/Textures/Tex256/T_Hom_TableC_M.uptnl, 1952481, uptnl, 2704, 1939, 1, 2704, B30DAC2ED9EEE932FBBB9E902022C31281605AF2, False
144, T_Hom_TableC_N.uptnl, HomeMap/Resource/Textures/Tex256/T_Hom_TableC_N.uptnl, 1954493, uptnl, 7744, 5301, 1, 7744, F2A92867DBC2FEE0AC3F1F46E1771ED02D163F9B, False
145, T_Hom_TableD_A.uptnl, HomeMap/Resource/Textures/Tex256/T_Hom_TableD_A.uptnl, 1959867, uptnl, 6864, 5294, 1, 6864, 8942AC0BBA7BC514286AE3D8B8FAB1F1CDA05D6D, False
146, T_Hom_TableD_M.uptnl, HomeMap/Resource/Textures/Tex256/T_Hom_TableD_M.uptnl, 1965234, uptnl, 6864, 4488, 1, 6864, 9E0830B4B041D163EA832A90987D4A52C982A610, False
147, T_Hom_TableD_N.uptnl, HomeMap/Resource/Textures/Tex256/T_Hom_TableD_N.uptnl, 1969795, uptnl, 19008, 11219, 1, 19008, 96E88234CD1AC079316684C195F0F40302047174, False
148, T_Hom_TableE_A.uptnl, HomeMap/Resource/Textures/Tex256/T_Hom_TableE_A.uptnl, 1981087, uptnl, 6864, 4956, 1, 6864, 9D9800FDD9DCBC8768F2C3624BFA7C73608DBCBC, False
149, T_Hom_TableE_M.uptnl, HomeMap/Resource/Textures/Tex256/T_Hom_TableE_M.uptnl, 1986116, uptnl, 6864, 4479, 1, 6864, 7D07213C53DA6AC6C9E8DA5CB61646FE989F79F5, False
150, T_Hom_TableE_N.uptnl, HomeMap/Resource/Textures/Tex256/T_Hom_TableE_N.uptnl, 1990668, uptnl, 19008, 5727, 1, 19008, 068BEBA36D459C3F90C0437EB4A80AF87F6656F8, False
151, T_Hom_TableF_A.uptnl, HomeMap/Resource/Textures/Tex256/T_Hom_TableF_A.uptnl, 1996468, uptnl, 2704, 2379, 1, 2704, 699989253D53555BA5F45537882CAB5E7CA67E8B, False
152, T_Hom_TableF_M.uptnl, HomeMap/Resource/Textures/Tex256/T_Hom_TableF_M.uptnl, 1998920, uptnl, 2704, 2176, 1, 2704, 9F3523E6776921501B35FEA59C01FCAC56887923, False
153, T_Hom_TableF_N.uptnl, HomeMap/Resource/Textures/Tex256/T_Hom_TableF_N.uptnl, 2001169, uptnl, 7744, 2556, 1, 7744, F60DA98BB9CD0098A9008713843B29D89DF1E7CB, False
154, T_Hom_Tile_A.uptnl, HomeMap/Resource/Textures/Tex256/T_Hom_Tile_A.uptnl, 2003798, uptnl, 28496, 19468, 1, 28496, 77CDA33CC5141ED343AB13FFA7AC62B5DF50A104, False
155, T_Hom_Tile_M.uptnl, HomeMap/Resource/Textures/Tex256/T_Hom_Tile_M.uptnl, 2023339, uptnl, 28496, 17592, 1, 28496, 0A2F4F23E248C234E6C84DE1772336CAB30F5539, False
156, T_Hom_Tile_N.uptnl, HomeMap/Resource/Textures/Tex256/T_Hom_Tile_N.uptnl, 2041004, uptnl, 78176, 8035, 1, 78176, 1620F7E18AC4054A5A28F57D1E0628E85AC482B9, False
157, T_Hom_ToiletA_A.uptnl, HomeMap/Resource/Textures/Tex256/T_Hom_ToiletA_A.uptnl, 2049112, uptnl, 13520, 10754, 1, 13520, E0EF3615D23A213FC4467CE34F0764FE172C68B8, False
158, T_Hom_ToiletA_M.uptnl, HomeMap/Resource/Textures/Tex256/T_Hom_ToiletA_M.uptnl, 2059939, uptnl, 13520, 10205, 1, 13520, 182194154DC6352D1F8DAD00D2995895BB395A81, False
159, T_Hom_ToiletA_N.uptnl, HomeMap/Resource/Textures/Tex256/T_Hom_ToiletA_N.uptnl, 2070217, uptnl, 37328, 25458, 1, 37328, 0171F56CDEEBCE7C4BB3D27D5973A4704392F5CE, False
160, T_Hom_WallA_A.uptnl, HomeMap/Resource/Textures/Tex256/T_Hom_WallA_A.uptnl, 2095748, uptnl, 28496, 16651, 1, 28496, E7092112C70EE0C5DD69F65A1DF8B06BAC924CF3, False
161, T_Hom_WallA_M.uptnl, HomeMap/Resource/Textures/Tex256/T_Hom_WallA_M.uptnl, 2112472, uptnl, 28496, 17697, 1, 28496, 95DFA124DE729B15205245E4DF26C4E89D2A1569, False
162, T_Hom_WallA_N.uptnl, HomeMap/Resource/Textures/Tex256/T_Hom_WallA_N.uptnl, 2130242, uptnl, 78176, 20568, 1, 78176, D5F2D6A5290084E0F1C25E4E96615BEA7067036F, False
163, T_Hom_WallB_A.uptnl, HomeMap/Resource/Textures/Tex256/T_Hom_WallB_A.uptnl, 2150883, uptnl, 28496, 12816, 1, 28496, 64E41C7DE70A3C6D5591D890344D1FAF3145C133, False
164, T_Hom_WallB_M.uptnl, HomeMap/Resource/Textures/Tex256/T_Hom_WallB_M.uptnl, 2163772, uptnl, 28496, 14182, 1, 28496, 41AC56CB31F6233EEEEF3EDFFDADC482C876DFD9, False
165, T_Hom_WallB_N.uptnl, HomeMap/Resource/Textures/Tex256/T_Hom_WallB_N.uptnl, 2178027, uptnl, 78176, 9542, 1, 78176, 8D4A776FDCEAB3CAC1CE0FFB07CB3255A252F375, False
166, T_Hom_WallC_A.uptnl, HomeMap/Resource/Textures/Tex256/T_Hom_WallC_A.uptnl, 2187642, uptnl, 28496, 18845, 1, 28496, 1E6EF204BD895689789951D77459AADF8670D183, False
167, T_Hom_WallC_M.uptnl, HomeMap/Resource/Textures/Tex256/T_Hom_WallC_M.uptnl, 2206560, uptnl, 28496, 19617, 1, 28496, 8301F6A5AC76B41AE49E38B3864178AFF48CED52, False
168, T_Hom_WallC_N.uptnl, HomeMap/Resource/Textures/Tex256/T_Hom_WallC_N.uptnl, 2226250, uptnl, 78176, 21963, 1, 78176, 3FFDFA5C1202025F86B6BA7BA5AF77A8C87402AD, False
169, T_Hom_WallD_A.uptnl, HomeMap/Resource/Textures/Tex256/T_Hom_WallD_A.uptnl, 2248286, uptnl, 28496, 18466, 1, 28496, 2559112642A2FFE413044D7F5BDDF97898C7E119, False
170, T_Hom_WallD_M.uptnl, HomeMap/Resource/Textures/Tex256/T_Hom_WallD_M.uptnl, 2266825, uptnl, 28496, 18269, 1, 28496, 915D64BD95F61A16A36AA9F8EF5DCE3ACDC3578C, False
171, T_Hom_WallD_N.uptnl, HomeMap/Resource/Textures/Tex256/T_Hom_WallD_N.uptnl, 2285167, uptnl, 78176, 4348, 1, 78176, 36256F2D2D7E815003B7B7F74BE3A020A9EAFF85, False
172, T_Hom_WallE_A.uptnl, HomeMap/Resource/Textures/Tex256/T_Hom_WallE_A.uptnl, 2289588, uptnl, 28496, 20060, 1, 28496, C167FB81AEBF08945F82236F515B04F539111D33, False
173, T_Hom_WallE_M.uptnl, HomeMap/Resource/Textures/Tex256/T_Hom_WallE_M.uptnl, 2309721, uptnl, 28496, 16483, 1, 28496, FA07C204E10C3679BC2219B5326F846FDD5FCF36, False
174, T_Hom_WallE_N.uptnl, HomeMap/Resource/Textures/Tex256/T_Hom_WallE_N.uptnl, 2326277, uptnl, 78176, 4680, 1, 78176, 74B2533CE738A5CBB64EEF7BF645FDCF1C5275A5, False
175, T_Hom_WallF_A.uptnl, HomeMap/Resource/Textures/Tex256/T_Hom_WallF_A.uptnl, 2331030, uptnl, 6864, 5070, 1, 6864, 6C1F6A8A5EA84042DCD40CFC850A5DDAAB222375, False
176, T_Hom_WallF_M.uptnl, HomeMap/Resource/Textures/Tex256/T_Hom_WallF_M.uptnl, 2336173, uptnl, 6864, 3547, 1, 6864, A4F25A6FF6F6598C806D4C44E86E8D257466B60A, False
177, T_Hom_WallF_N.uptnl, HomeMap/Resource/Textures/Tex256/T_Hom_WallF_N.uptnl, 2339793, uptnl, 19008, 10510, 1, 19008, 5879AA1C4184FE3C063FF40724B30616E9ABA81C, False
178, T_Hom_CardA_A.uptnl, HomeMap/Resource/Textures/Tex64/T_Hom_CardA_A.uptnl, 2350376, uptnl, 13520, 9238, 1, 13520, 2C13392BE0B096E2510EA5E5A282E350136A8F36, False
179, T_Hom_CardA_M.uptnl, HomeMap/Resource/Textures/Tex64/T_Hom_CardA_M.uptnl, 2359687, uptnl, 13520, 8302, 1, 13520, B3A74577737AA89236B5D58E3E9CE4D1B81CE903, False
180, T_Hom_CardA_N.uptnl, HomeMap/Resource/Textures/Tex64/T_Hom_CardA_N.uptnl, 2368062, uptnl, 37328, 18347, 1, 37328, FD0271FF6270373F1A4BAE45D454EBB452E7D01C, False
181, T_Hom_CardB_A.uptnl, HomeMap/Resource/Textures/Tex64/T_Hom_CardB_A.uptnl, 2386482, uptnl, 13520, 9281, 1, 13520, BB3AE9D6A9CE3151AB5248B0CBFC5A215245CA96, False
182, T_Hom_CardB_M.uptnl, HomeMap/Resource/Textures/Tex64/T_Hom_CardB_M.uptnl, 2395836, uptnl, 13520, 8329, 1, 13520, B6EE3063A7C74A837BB4FA18F598B3B6DBF08076, False
183, T_Hom_CardC_A.uptnl, HomeMap/Resource/Textures/Tex64/T_Hom_CardC_A.uptnl, 2404238, uptnl, 13520, 9428, 1, 13520, F5FD77F6BD800070628D03A09A10532791639133, False
184, T_Hom_CardC_M.uptnl, HomeMap/Resource/Textures/Tex64/T_Hom_CardC_M.uptnl, 2413739, uptnl, 13520, 8338, 1, 13520, 201124A8A43E20B234DA9461365C9A244BDA9FDE, False
185, T_Hom_CardD_A.uptnl, HomeMap/Resource/Textures/Tex64/T_Hom_CardD_A.uptnl, 2422150, uptnl, 2704, 2334, 1, 2704, 7310F70F69922979A637905D5A7466C3F0C07A3C, False
186, T_Hom_CardD_M.uptnl, HomeMap/Resource/Textures/Tex64/T_Hom_CardD_M.uptnl, 2424557, uptnl, 13520, 8434, 1, 13520, 060F74F06EAA6FF392227C74A7178A91B10237B9, False
187, T_Hom_CardE_A.uptnl, HomeMap/Resource/Textures/Tex64/T_Hom_CardE_A.uptnl, 2433064, uptnl, 2704, 2308, 1, 2704, 6D3635F4016A697BC48A25B729DD60CA96463CF6, False
188, T_Hom_CardE_M.uptnl, HomeMap/Resource/Textures/Tex64/T_Hom_CardE_M.uptnl, 2435445, uptnl, 13520, 8137, 1, 13520, B67FE066EDD2DD84D1B7F80D6DBDBBC2B11A7309, False
189, T_HM_PA_Vista_01_AA.uptnl, HomeMap/Resource/Vista/T_HM_PA_Vista_01_AA.uptnl, 2443655, uptnl, 37328, 12533, 1, 37328, C451EF7A532584597F23B7F6B608B91D0B442CC5, False
190, T_Landscape_Vista_01_A.uptnl, HomeMap/Resource/Vista/T_Landscape_Vista_01_A.uptnl, 2456261, uptnl, 56784, 45195, 1, 56784, C70842F01EB7C1618C4C1230C0CBBD271BAD7A1C, False
191, T_Landscape_Vista_01_N.uptnl, HomeMap/Resource/Vista/T_Landscape_Vista_01_N.uptnl, 2501529, uptnl, 37328, 31222, 1, 37328, FA4EDDDC5AE63C3656893E9D3F31DCAA443D4590, False
192, T_H2_BD_Como01_In_A.uptnl, Hunt_Map_02/Resource/Building/Texture/T_H2_BD_Como01_In_A.uptnl, 2532824, uptnl, 898928, 449448, 4, 262144, 59168DFAAF66D9997F326BD9D1FE70189C8685AE, False
193, T_H2_BD_Como01_In_M.uptnl, Hunt_Map_02/Resource/Building/Texture/T_H2_BD_Como01_In_M.uptnl, 2982393, uptnl, 226528, 112875, 1, 226528, 7CDA449A7742716A3A5DFEC4A5B2B6568DEAD595, False
194, T_H2_BD_Como01_In_N.uptnl, Hunt_Map_02/Resource/Building/Texture/T_H2_BD_Como01_In_N.uptnl, 3095341, uptnl, 2494944, 295557, 10, 262144, EB3E86928E2F9A90AA1BE99348EBC9152E5676F6, False
195, T_H2_BD_Como01_Out_A.uptnl, Hunt_Map_02/Resource/Building/Texture/T_H2_BD_Como01_Out_A.uptnl, 3391115, uptnl, 898928, 557469, 4, 262144, 7F98C9F8F17161A45CAF92262C6F3649EDE61B9E, False
196, T_H2_BD_Como01_Out_M.uptnl, Hunt_Map_02/Resource/Building/Texture/T_H2_BD_Como01_Out_M.uptnl, 3948705, uptnl, 226528, 143461, 1, 226528, 1011EAA651430D409A5103F3DA08B66C04C3196A, False
197, T_H2_BD_Como01_Out_N.uptnl, Hunt_Map_02/Resource/Building/Texture/T_H2_BD_Como01_Out_N.uptnl, 4092239, uptnl, 2494944, 418503, 10, 262144, 5EA44618A82AA765DCF3282EA6F088B34059D4F2, False
198, T_H2_BD_ComoGaraA_LM.uptnl, Hunt_Map_02/Resource/Building/Texture/T_H2_BD_ComoGaraA_LM.uptnl, 4510959, uptnl, 65536, 31154, 1, 65536, 46A1ECA1E0593684363F6E279E9E7A7B84F976EF, False
199, T_H2_BD_ComoMall_LM.uptnl, Hunt_Map_02/Resource/Building/Texture/T_H2_BD_ComoMall_LM.uptnl, 4542186, uptnl, 327680, 161434, 2, 262144, B67C5D2E3BAE6A69E4307EFBACBAB464AC38642D, False
200, T_H2_BD_ComoMall_Out_A.uptnl, Hunt_Map_02/Resource/Building/Texture/T_H2_BD_ComoMall_Out_A.uptnl, 4703709, uptnl, 898928, 234305, 4, 262144, 9BCFF4414D6A72C8944041B2E6AA3A00AAAE92E3, False
201, T_H2_BD_ComoMall_Out_M.uptnl, Hunt_Map_02/Resource/Building/Texture/T_H2_BD_ComoMall_Out_M.uptnl, 4938135, uptnl, 226528, 60574, 1, 226528, 8611252A51A7D7649A97F5B0C092A103F23491B3, False
202, T_H2_BD_ComoMall_Out_N.uptnl, Hunt_Map_02/Resource/Building/Texture/T_H2_BD_ComoMall_Out_N.uptnl, 4998782, uptnl, 2494944, 182169, 10, 262144, E9814DCDA0F24151BC732D470E62D908985A559E, False
203, T_H2_BD_ComoVila_LM.uptnl, Hunt_Map_02/Resource/Building/Texture/T_H2_BD_ComoVila_LM.uptnl, 5181168, uptnl, 327680, 161111, 2, 262144, 4BF5A5F06F0A1FE3ADBD5FB2278DBCD90810A0AE, False
204, T_H2_BD_Ghouse_In_A.uptnl, Hunt_Map_02/Resource/Building/Texture/T_H2_BD_Ghouse_In_A.uptnl, 5342368, uptnl, 226528, 76106, 1, 226528, F0D409A234B7FF51DD5B1E868533330B8477FBBA, False
205, T_H2_BD_Ghouse_In_M.uptnl, Hunt_Map_02/Resource/Building/Texture/T_H2_BD_Ghouse_In_M.uptnl, 5418547, uptnl, 226528, 69070, 1, 226528, 56695EA2E187F4FF0913A901B60253772D832EC6, False
206, T_H2_BD_Ghouse_In_N.uptnl, Hunt_Map_02/Resource/Building/Texture/T_H2_BD_Ghouse_In_N.uptnl, 5487690, uptnl, 623520, 95676, 3, 262144, F687F31CADDC1E7FB2C8FBAA089D73FF088039E2, False
207, T_H2_BD_Ghouse_Out_A.uptnl, Hunt_Map_02/Resource/Building/Texture/T_H2_BD_Ghouse_Out_A.uptnl, 5583471, uptnl, 226528, 88081, 1, 226528, 6004B003D51D817D7B6E04777089E68BED398F3C, False
208, T_H2_BD_Ghouse_Out_M.uptnl, Hunt_Map_02/Resource/Building/Texture/T_H2_BD_Ghouse_Out_M.uptnl, 5671625, uptnl, 226528, 78454, 1, 226528, 5CF6888CCFB3A502CA535AA45051B1B8614BC25F, False
209, T_H2_BD_Ghouse_Out_N.uptnl, Hunt_Map_02/Resource/Building/Texture/T_H2_BD_Ghouse_Out_N.uptnl, 5750152, uptnl, 623520, 138267, 3, 262144, 0080E335C7C74FD2C45EC2CD82695AF8779A740B, False
210, T_H2_BD_HeriChurch_LM.uptnl, Hunt_Map_02/Resource/Building/Texture/T_H2_BD_HeriChurch_LM.uptnl, 5888524, uptnl, 327680, 196630, 2, 262144, D4E70F4B681D31E3C728B272E6F8519137DACCC9, False
211, T_H2_BD_HeriFarm_LM.uptnl, Hunt_Map_02/Resource/Building/Texture/T_H2_BD_HeriFarm_LM.uptnl, 6085243, uptnl, 327680, 187409, 2, 262144, 359E2AC910B720D0EC5F6C7434C3CA8FD3537D2F, False
212, T_H2_BD_HeriFarm_Out_A.uptnl, Hunt_Map_02/Resource/Building/Texture/T_H2_BD_HeriFarm_Out_A.uptnl, 6272741, uptnl, 898928, 639976, 4, 262144, 24CFCED72A2C2F778D32351FAC1B4AD56C988981, False
213, T_H2_BD_HeriFarm_Out_M.uptnl, Hunt_Map_02/Resource/Building/Texture/T_H2_BD_HeriFarm_Out_M.uptnl, 6912838, uptnl, 226528, 156917, 1, 226528, 3073C06695AEC012BC1422B327AB87401CF5DBA2, False
214, T_H2_BD_HeriFarm_Out_N.uptnl, Hunt_Map_02/Resource/Building/Texture/T_H2_BD_HeriFarm_Out_N.uptnl, 7069828, uptnl, 2494944, 806707, 10, 262144, FD24DA1EFCDD7A795390EE31E5DB56C81806FB3C, False
215, T_H2_BD_HeriLigh_LM.uptnl, Hunt_Map_02/Resource/Building/Texture/T_H2_BD_HeriLigh_LM.uptnl, 7876752, uptnl, 327680, 170330, 2, 262144, 01B1B60976DB72FB2F9949668D0B368D2D7D59FE, False
216, T_H2_BD_Heritage_In_A.uptnl, Hunt_Map_02/Resource/Building/Texture/T_H2_BD_Heritage_In_A.uptnl, 8047171, uptnl, 898928, 669257, 4, 262144, B0DF3403D34852F7F22060631CBF005D74220AE7, False
217, T_H2_BD_Heritage_In_M.uptnl, Hunt_Map_02/Resource/Building/Texture/T_H2_BD_Heritage_In_M.uptnl, 8716549, uptnl, 226528, 167988, 1, 226528, ED5807A76D1A97BBEB71FE426FBE69F30AAF8328, False
218, T_H2_BD_Heritage_In_N.uptnl, Hunt_Map_02/Resource/Building/Texture/T_H2_BD_Heritage_In_N.uptnl, 8884610, uptnl, 2494944, 1109514, 10, 262144, EA8F1FC8F1E8FFB5A92B9A9D8BD7633CD901FA93, False
219, T_H2_BD_Heritage_Out_A.uptnl, Hunt_Map_02/Resource/Building/Texture/T_H2_BD_Heritage_Out_A.uptnl, 9994341, uptnl, 898928, 496893, 4, 262144, EAEA7034519AB6B99CFBFB7061200A311181B605, False
220, T_H2_BD_Heritage_Out_M.uptnl, Hunt_Map_02/Resource/Building/Texture/T_H2_BD_Heritage_Out_M.uptnl, 10491355, uptnl, 226528, 129760, 1, 226528, C9BBF9B125B273EE67D8E6A5965097DB163490A9, False
221, T_H2_BD_Heritage_Out_N.uptnl, Hunt_Map_02/Resource/Building/Texture/T_H2_BD_Heritage_Out_N.uptnl, 10621188, uptnl, 2494944, 1005558, 10, 262144, E0EEAC2C350BE57FE94FA68BED601EDBADE9B259, False
222, T_H2_BD_JakuFair_LM.uptnl, Hunt_Map_02/Resource/Building/Texture/T_H2_BD_JakuFair_LM.uptnl, 11626963, uptnl, 327680, 139209, 2, 262144, 14F61D63574D6B6F3438E6C73628E82F0E7E9C3E, False
223, T_H2_BD_Nova01_In_A.uptnl, Hunt_Map_02/Resource/Building/Texture/T_H2_BD_Nova01_In_A.uptnl, 11766261, uptnl, 898928, 616619, 4, 262144, BAF1A510E4AA92FCEE8D6341B88D159DCE99E30B, False
224, T_H2_BD_Nova01_In_M.uptnl, Hunt_Map_02/Resource/Building/Texture/T_H2_BD_Nova01_In_M.uptnl, 12383001, uptnl, 226528, 167757, 1, 226528, 5B5E115E884F50A0CF0846344AFB5B5B85D82D4B, False
225, T_H2_BD_Nova01_In_N.uptnl, Hunt_Map_02/Resource/Building/Texture/T_H2_BD_Nova01_In_N.uptnl, 12550831, uptnl, 2494944, 812724, 10, 262144, 7BEFA1A40E6BAB0D227CB03564368B9F21FFB7DA, False
226, T_H2_BD_Nova01_Out_A.uptnl, Hunt_Map_02/Resource/Building/Texture/T_H2_BD_Nova01_Out_A.uptnl, 13363772, uptnl, 898928, 592763, 4, 262144, 2D36A9FE846AD0672FD468B5852325A3A48A7034, False
227, T_H2_BD_Nova01_Out_M.uptnl, Hunt_Map_02/Resource/Building/Texture/T_H2_BD_Nova01_Out_M.uptnl, 13956656, uptnl, 226528, 166145, 1, 226528, B9866EC0EDA36A56525B48B5A59702042641FAFC, False
228, T_H2_BD_Nova01_Out_N.uptnl, Hunt_Map_02/Resource/Building/Texture/T_H2_BD_Nova01_Out_N.uptnl, 14122874, uptnl, 2494944, 788521, 10, 262144, 6E7D46D655C46F2D6A0E96A1D3D71D2804BAD6C4, False
229, T_H2_BD_NovaBoat_LM.uptnl, Hunt_Map_02/Resource/Building/Texture/T_H2_BD_NovaBoat_LM.uptnl, 14911612, uptnl, 327680, 136938, 2, 262144, 17E22F317446F3A83123257D90659C0B82DEC4E2, False
230, T_H2_BD_NovaFact_LM.uptnl, Hunt_Map_02/Resource/Building/Texture/T_H2_BD_NovaFact_LM.uptnl, 15048639, uptnl, 1376256, 673334, 6, 262144, 4297479850CF83226DF1AA4122677FA513FFA6DC, False
231, T_H2_BD_NovaPower_LM.uptnl, Hunt_Map_02/Resource/Building/Texture/T_H2_BD_NovaPower_LM.uptnl, 15722126, uptnl, 1376256, 671723, 6, 262144, 7957643000B7F6BFE81A21A84C480B65BC293A90, False
232, T_H2_BD_RomaGate_LM.uptnl, Hunt_Map_02/Resource/Building/Texture/T_H2_BD_RomaGate_LM.uptnl, 16394002, uptnl, 327680, 100083, 2, 262144, E1CB050EEE0378CDF38617FFC7368F57D83F1276, False
233, T_H2_ComoHLOD_A.uptnl, Hunt_Map_02/Resource/Building/Texture/T_H2_ComoHLOD_A.uptnl, 16494174, uptnl, 898928, 533645, 4, 262144, D3D1EBB2598B81808B050EC8D4606FE93CC44112, False
234, T_H2_HeritageHLOD_A.uptnl, Hunt_Map_02/Resource/Building/Texture/T_H2_HeritageHLOD_A.uptnl, 17027940, uptnl, 898928, 626236, 4, 262144, CDEE37042D1E935D617E207D40AB559EBABC3E5B, False
235, T_H2_NovaHLOD_A.uptnl, Hunt_Map_02/Resource/Building/Texture/T_H2_NovaHLOD_A.uptnl, 17654297, uptnl, 898928, 470084, 4, 262144, 185D065FA5C145FC3F63D1FD02691CF8BC61153D, False
236, T_H2_RK_TundraA_A.uptnl, Hunt_Map_02/Resource/Cliff/Texture/T_H2_RK_TundraA_A.uptnl, 18124502, uptnl, 226528, 183676, 1, 226528, AC6D007FC91F61378C8CDEABCF547C99077176DC, False
237, T_H2_RK_TundraA_M.uptnl, Hunt_Map_02/Resource/Cliff/Texture/T_H2_RK_TundraA_M.uptnl, 18308251, uptnl, 226528, 153041, 1, 226528, AE0909E16C66B11CC344DC4B0F7294C88EBDEB78, False
238, T_H2_RK_TundraA_N.uptnl, Hunt_Map_02/Resource/Cliff/Texture/T_H2_RK_TundraA_N.uptnl, 18461365, uptnl, 623520, 520085, 3, 262144, DE370DC585E36A4593481630A1833238893D79D7, False
239, T_H2_RK_VolcanoA_A.uptnl, Hunt_Map_02/Resource/Cliff/Texture/T_H2_RK_VolcanoA_A.uptnl, 18981555, uptnl, 226528, 183348, 1, 226528, D961677F37CDE92B5036D1F99036BA82FA826827, False
240, T_H2_Bush_01_AA.uptnl, Hunt_Map_02/Resource/Foliage/Texture/T_H2_Bush_01_AA.uptnl, 19164976, uptnl, 155664, 74803, 1, 155664, D29A3B60E8E81E18CE59B5C15C237A71885426BC, False
241, T_H2_FG_AcacA_Bark_A.uptnl, Hunt_Map_02/Resource/Foliage/Texture/T_H2_FG_AcacA_Bark_A.uptnl, 19239852, uptnl, 56784, 50842, 1, 56784, FB2198AD5A6C3A3862C6CA72FA480B5629A1A45F, False
242, T_H2_FG_AcacA_Bark_M.uptnl, Hunt_Map_02/Resource/Foliage/Texture/T_H2_FG_AcacA_Bark_M.uptnl, 19290767, uptnl, 56784, 42792, 1, 56784, 4DD9E1DE7A02BD919D8A99ED60F0DD6D03F3C5E6, False
243, T_H2_FG_AcacA_Bark_N.uptnl, Hunt_Map_02/Resource/Foliage/Texture/T_H2_FG_AcacA_Bark_N.uptnl, 19333632, uptnl, 155664, 127512, 1, 155664, D8BD9232C5BDAAF5205277363351A6B7511F4524, False
244, T_H2_FG_AcacA_Leaf_AA.uptnl, Hunt_Map_02/Resource/Foliage/Texture/T_H2_FG_AcacA_Leaf_AA.uptnl, 19461217, uptnl, 155664, 63319, 1, 155664, 27A965D213BCA345E4EF50D594EFA2652C649424, False
245, T_H2_FG_Bark01_A.uptnl, Hunt_Map_02/Resource/Foliage/Texture/T_H2_FG_Bark01_A.uptnl, 19524609, uptnl, 56784, 50847, 1, 56784, 3DA11E92570743D00918275E0CF4D88C8046BA4E, False
246, T_H2_FG_Bark01_M.uptnl, Hunt_Map_02/Resource/Foliage/Texture/T_H2_FG_Bark01_M.uptnl, 19575529, uptnl, 56784, 41909, 1, 56784, 788AE01F3305D8AD6330546FB5C659B39DB8BCBB, False
247, T_H2_FG_Bark01_N.uptnl, Hunt_Map_02/Resource/Foliage/Texture/T_H2_FG_Bark01_N.uptnl, 19617511, uptnl, 155664, 120806, 1, 155664, F7BACCD69AA02C01713B6A3987F38F69A15C8F8E, False
248, T_H2_FG_DeadA_Bark_A.uptnl, Hunt_Map_02/Resource/Foliage/Texture/T_H2_FG_DeadA_Bark_A.uptnl, 19738390, uptnl, 56784, 46443, 1, 56784, A4D44FD4F5EC757CB05596A74019AB1E97D663D8, False
249, T_H2_FG_DeadA_Bark_M.uptnl, Hunt_Map_02/Resource/Foliage/Texture/T_H2_FG_DeadA_Bark_M.uptnl, 19784906, uptnl, 56784, 40469, 1, 56784, 6CA4C03F083D5B1E87E4E7CA2913CF02F3798716, False
250, T_H2_FG_DeadA_Bark_N.uptnl, Hunt_Map_02/Resource/Foliage/Texture/T_H2_FG_DeadA_Bark_N.uptnl, 19825448, uptnl, 155664, 118902, 1, 155664, A70A7599F00B10C3C531EF3087FAFF06A436C5EE, False
251, T_H2_FG_DeadA_Leaf_AA.uptnl, Hunt_Map_02/Resource/Foliage/Texture/T_H2_FG_DeadA_Leaf_AA.uptnl, 19944423, uptnl, 155664, 30298, 1, 155664, B344551AC0E75E14DEE749C999BBD1C7B1C93177, False
252, T_H2_FG_FirmA_Bark_A.uptnl, Hunt_Map_02/Resource/Foliage/Texture/T_H2_FG_FirmA_Bark_A.uptnl, 19974794, uptnl, 56784, 47612, 1, 56784, E570D39A958A861F8BED3035C735344E50DDBC49, False
253, T_H2_FG_FirmA_Bark_M.uptnl, Hunt_Map_02/Resource/Foliage/Texture/T_H2_FG_FirmA_Bark_M.uptnl, 20022479, uptnl, 56784, 43230, 1, 56784, E215AAF61EC3A7584A1473A8732ABF6FF0C266EE, False
254, T_H2_FG_FirmA_Bark_N.uptnl, Hunt_Map_02/Resource/Foliage/Texture/T_H2_FG_FirmA_Bark_N.uptnl, 20065782, uptnl, 155664, 124118, 1, 155664, F579FC660FED7C0214101146D7FAA0DC372BB308, False
255, T_H2_FG_FirmA_Leaf_AA.uptnl, Hunt_Map_02/Resource/Foliage/Texture/T_H2_FG_FirmA_Leaf_AA.uptnl, 20189973, uptnl, 155664, 51876, 1, 155664, 25D84CDC046C3CA1A289E165F7E6563B96E81281, False
256, T_H2_FG_PineA_Leaf_AA.uptnl, Hunt_Map_02/Resource/Foliage/Texture/T_H2_FG_PineA_Leaf_AA.uptnl, 20241922, uptnl, 155664, 49038, 1, 155664, C69B9231FB6CF8359DF87EA3B3E82B5865505CB1, False
257, T_H2_FG_PineB_Bark_A.uptnl, Hunt_Map_02/Resource/Foliage/Texture/T_H2_FG_PineB_Bark_A.uptnl, 20291033, uptnl, 56784, 46213, 1, 56784, C44CE7F125A1A12A7D73B98CA5B15F2732C6C249, False
258, T_H2_FG_PineB_Bark_M.uptnl, Hunt_Map_02/Resource/Foliage/Texture/T_H2_FG_PineB_Bark_M.uptnl, 20337319, uptnl, 56784, 42434, 1, 56784, 3B6AF35003124801CBAE4A8A1E22847DF91472EE, False
259, T_H2_FG_PineB_Bark_N.uptnl, Hunt_Map_02/Resource/Foliage/Texture/T_H2_FG_PineB_Bark_N.uptnl, 20379826, uptnl, 155664, 124870, 1, 155664, 821CA5C386C111E04A54CE2592AA139CB0A8913E, False
260, T_H2_FG_PineB_Leaf_AA.uptnl, Hunt_Map_02/Resource/Foliage/Texture/T_H2_FG_PineB_Leaf_AA.uptnl, 20504769, uptnl, 155664, 109121, 1, 155664, 86C1F3551DB2BF1736D4ADC8F7495FFFE8CE9686, False
261, T_H2_FG_PineD_Leaf_AA.uptnl, Hunt_Map_02/Resource/Foliage/Texture/T_H2_FG_PineD_Leaf_AA.uptnl, 20613963, uptnl, 155664, 52696, 1, 155664, 2D2F005A84720D72A8CA98A7CFAF4654C8D792AE, False
262, T_H2_FG_PopuA_Bark_A.uptnl, Hunt_Map_02/Resource/Foliage/Texture/T_H2_FG_PopuA_Bark_A.uptnl, 20666732, uptnl, 56784, 49757, 1, 56784, C810BD6B6C847129936DAB9B751B21D8DBC4B9F7, False
263, T_H2_FG_PopuA_Bark_M.uptnl, Hunt_Map_02/Resource/Foliage/Texture/T_H2_FG_PopuA_Bark_M.uptnl, 20716562, uptnl, 56784, 40536, 1, 56784, 3783E4F8EF9E036471820F0CCF0DB0AE3A1CE43A, False
264, T_H2_FG_PopuA_Bark_N.uptnl, Hunt_Map_02/Resource/Foliage/Texture/T_H2_FG_PopuA_Bark_N.uptnl, 20757171, uptnl, 155664, 126431, 1, 155664, 1760D37C279CA7D605C9361EA9AD1BBBD88537C7, False
265, T_H2_FG_SapiA_Leaf_AA.uptnl, Hunt_Map_02/Resource/Foliage/Texture/T_H2_FG_SapiA_Leaf_AA.uptnl, 20883675, uptnl, 155664, 46760, 1, 155664, E2C4A3E18A75BCE4ADB60AF6E5B6583ED1AB8631, False
266, T_H2_FG_VolTreeA_Bark_A.uptnl, Hunt_Map_02/Resource/Foliage/Texture/T_H2_FG_VolTreeA_Bark_A.uptnl, 20930508, uptnl, 56784, 47626, 1, 56784, 0EB03B0FE31B1DFFD6F06D1683EF1FA9D01385DC, False
267, T_H2_FG_VolTreeA_Bark_M.uptnl, Hunt_Map_02/Resource/Foliage/Texture/T_H2_FG_VolTreeA_Bark_M.uptnl, 20978207, uptnl, 56784, 39588, 1, 56784, 05D95ED5460BD5DE64D7B350323AD5B0B3546B3C, False
268, T_H2_FG_VolTreeA_Bark_N.uptnl, Hunt_Map_02/Resource/Foliage/Texture/T_H2_FG_VolTreeA_Bark_N.uptnl, 21017868, uptnl, 155664, 130746, 1, 155664, 37F85A6C7F2E1EE6BF76E46D1D51A524430C80F8, False
269, T_H2_FG_VolTreeA_Leaf_AA.uptnl, Hunt_Map_02/Resource/Foliage/Texture/T_H2_FG_VolTreeA_Leaf_AA.uptnl, 21148687, uptnl, 155664, 85808, 1, 155664, 34C221F20AFCDEDCF452CD5A375ADE0B061E1BFB, False
270, T_H2_Grass_01_AA.uptnl, Hunt_Map_02/Resource/Foliage/Texture/T_H2_Grass_01_AA.uptnl, 21234568, uptnl, 623520, 301955, 3, 262144, B763E68F3856160DE633844EA7661CE613AC9CE5, False
271, T_H2_Grass_01_M.uptnl, Hunt_Map_02/Resource/Foliage/Texture/T_H2_Grass_01_M.uptnl, 21536628, uptnl, 2704, 2704, 0, 0, ED1478D5FE9487F25A275A5581860F7399702C80, False
272, T_H2_Tree_Billboard_AA.uptnl, Hunt_Map_02/Resource/Foliage/Texture/T_H2_Tree_Billboard_AA.uptnl, 21539385, uptnl, 623520, 339649, 3, 262144, 758A05D19CA4CA5E39D79482122F55D77B9A0F52, False
273, T_FX_Cloud.uptnl, Hunt_Map_02/Resource/FX/T_FX_Cloud.uptnl, 21879139, uptnl, 78176, 40160, 1, 78176, 189A94A85A7B9F4A4E4F77A40608B13DCE0DCAC7, False
274, T_H2_GD_01_A.uptnl, Hunt_Map_02/Resource/Ground/Texture/T_H2_GD_01_A.uptnl, 21919372, uptnl, 898928, 676738, 4, 262144, A872BF0B3FAE06EE6BE039C830E6D5519EE9B187, False
275, T_H2_GD_01_M.uptnl, Hunt_Map_02/Resource/Ground/Texture/T_H2_GD_01_M.uptnl, 22596231, uptnl, 226528, 155374, 1, 226528, 5FA0AFFEB61A4D6C7E01E96BAB2B6514A6F4003D, False
276, T_H2_GD_01_N.uptnl, Hunt_Map_02/Resource/Ground/Texture/T_H2_GD_01_N.uptnl, 22751678, uptnl, 2494944, 1142079, 10, 262144, 3F1B3152B4063E21F8996B0CF947256292D54FB5, False
277, T_H2_GDHLOD_A.uptnl, Hunt_Map_02/Resource/Ground/Texture/T_H2_GDHLOD_A.uptnl, 23893974, uptnl, 898928, 181789, 4, 262144, C97EA1D8B83EBD8F59C785B4E4B2BBCEAA6F6A6D, False
278, T_H2_HLOD_A.uptnl, Hunt_Map_02/Resource/HLOD/Texture/T_H2_HLOD_A.uptnl, 24075884, uptnl, 226528, 163077, 1, 226528, AAD8A84A446A2CFEA913E611E3C9A3D6EA97DAA2, False
279, T_H2_PM_RomaLigh_A.uptnl, Hunt_Map_02/Resource/Props/DestructibleProps/Texture/T_H2_PM_RomaLigh_A.uptnl, 24239034, uptnl, 13520, 5286, 1, 13520, 26C763957F05BBDDA7505C4E9902335252B587A2, False
280, T_H2_PM_RomaLigh_M.uptnl, Hunt_Map_02/Resource/Props/DestructibleProps/Texture/T_H2_PM_RomaLigh_M.uptnl, 24244393, uptnl, 13520, 5258, 1, 13520, 8D33A9588B4C050922DA294172981D23D57802F1, False
281, T_H2_PM_RomaLigh_N.uptnl, Hunt_Map_02/Resource/Props/DestructibleProps/Texture/T_H2_PM_RomaLigh_N.uptnl, 24249724, uptnl, 37328, 9600, 1, 37328, A0F759906380D3F3DCF6A9FD9747F28F1E2B37DF, False
282, T_SM_H2_PA_Liana_AA.uptnl, Hunt_Map_02/Resource/Props/Props_A/Texture/T_SM_H2_PA_Liana_AA.uptnl, 24259397, uptnl, 155664, 64149, 1, 155664, 6DB380D56A24F7A33B91E07812DAD9E1391468DF, False
283, T_H2_PB_03_A.uptnl, Hunt_Map_02/Resource/Props/Props_B/Texture/T_H2_PB_03_A.uptnl, 24323619, uptnl, 898928, 639005, 4, 262144, 5B59FDDC5EFDA3CC8FBDAC77BE2F3A04C8C1FE78, False
284, T_H2_PB_03_M.uptnl, Hunt_Map_02/Resource/Props/Props_B/Texture/T_H2_PB_03_M.uptnl, 24962745, uptnl, 226528, 169044, 1, 226528, 4AB9D16DB6C988EAB2D83442D008F619328E2D39, False
285, T_H2_PB_03_N.uptnl, Hunt_Map_02/Resource/Props/Props_B/Texture/T_H2_PB_03_N.uptnl, 25131862, uptnl, 2494944, 1039854, 10, 262144, 8652E58A9568F36002D270EE9D1154C029B48319, False
286, T_H2_PB_Bus_A.uptnl, Hunt_Map_02/Resource/Props/Props_B/Texture/T_H2_PB_Bus_A.uptnl, 26171933, uptnl, 114192, 84336, 1, 114192, B8A81D77B1A790BCFEF890E4C4303D8C4C39C0E9, False
287, T_H2_PB_Bus_M.uptnl, Hunt_Map_02/Resource/Props/Props_B/Texture/T_H2_PB_Bus_M.uptnl, 26256342, uptnl, 114192, 66207, 1, 114192, 9C83BF78A4F4A14D73BE20C797D74FF0F8789EAC, False
288, T_H2_PB_Bus_N.uptnl, Hunt_Map_02/Resource/Props/Props_B/Texture/T_H2_PB_Bus_N.uptnl, 26322622, uptnl, 313472, 124560, 2, 262144, 675A40780AD8101574EBAD8309BC49998A206724, False
289, T_H2_PB_BusStat_A.uptnl, Hunt_Map_02/Resource/Props/Props_B/Texture/T_H2_PB_BusStat_A.uptnl, 26447271, uptnl, 56784, 39186, 1, 56784, 9DD86FB584781810D19D6179653BA776051B7CB2, False
290, T_H2_PB_BusStat_M.uptnl, Hunt_Map_02/Resource/Props/Props_B/Texture/T_H2_PB_BusStat_M.uptnl, 26486530, uptnl, 56784, 37450, 1, 56784, 82E4C228C0C2DC60C12761988F769FBBFEA9C6EE, False
291, T_H2_PB_BusStat_N.uptnl, Hunt_Map_02/Resource/Props/Props_B/Texture/T_H2_PB_BusStat_N.uptnl, 26524053, uptnl, 155664, 52966, 1, 155664, 152794DDD8C2C13A6E3D4F6A35C92B9C7F36A6BD, False
292, T_H2_PB_Drain_A.uptnl, Hunt_Map_02/Resource/Props/Props_B/Texture/T_H2_PB_Drain_A.uptnl, 26577092, uptnl, 13520, 9779, 1, 13520, 570435F3D118D8D8B90481E4DCD487E5E2882C86, False
293, T_H2_PB_Drain_M.uptnl, Hunt_Map_02/Resource/Props/Props_B/Texture/T_H2_PB_Drain_M.uptnl, 26586944, uptnl, 13520, 9763, 1, 13520, 3775DE5E9A835C38B3EF93A4755541052804052C, False
294, T_H2_PB_Drain_N.uptnl, Hunt_Map_02/Resource/Props/Props_B/Texture/T_H2_PB_Drain_N.uptnl, 26596780, uptnl, 37328, 15875, 1, 37328, B6386B2A9169AACBC5EF888517E826CC0C42D23A, False
295, T_H2_PB_ElecGen_A.uptnl, Hunt_Map_02/Resource/Props/Props_B/Texture/T_H2_PB_ElecGen_A.uptnl, 26612728, uptnl, 56784, 42678, 1, 56784, CEB2B8DEC6323FDA24EB8D9DB0DE47EAB36B0665, False
296, T_H2_PB_ElecGen_M.uptnl, Hunt_Map_02/Resource/Props/Props_B/Texture/T_H2_PB_ElecGen_M.uptnl, 26655479, uptnl, 56784, 42599, 1, 56784, 2E499B40960D402A294DC6B49A590681EDA21F02, False
297, T_H2_PB_ElecGen_N.uptnl, Hunt_Map_02/Resource/Props/Props_B/Texture/T_H2_PB_ElecGen_N.uptnl, 26698151, uptnl, 155664, 79012, 1, 155664, D2E31A273EC79A025455CF98F241C810D2C62112, False
298, T_H2_PB_Fountain_A.uptnl, Hunt_Map_02/Resource/Props/Props_B/Texture/T_H2_PB_Fountain_A.uptnl, 26777236, uptnl, 56784, 41525, 1, 56784, 9410AC5AFCB16F0C2C24300B1F96C037A1D2E4AA, False
299, T_H2_PB_Fountain_M.uptnl, Hunt_Map_02/Resource/Props/Props_B/Texture/T_H2_PB_Fountain_M.uptnl, 26818834, uptnl, 56784, 39274, 1, 56784, BEC4D303C84F974E7A8CC139F1D11DBE4B876999, False
300, T_H2_PB_Fountain_N.uptnl, Hunt_Map_02/Resource/Props/Props_B/Texture/T_H2_PB_Fountain_N.uptnl, 26858181, uptnl, 155664, 115070, 1, 155664, 1B7B4B343DDCBA8B5BCBFA15A45C7493D05C392A, False
301, T_H2_PB_HeriSign_A.uptnl, Hunt_Map_02/Resource/Props/Props_B/Texture/T_H2_PB_HeriSign_A.uptnl, 26973324, uptnl, 56784, 44533, 1, 56784, 02877183DD46CCBE46AFB0EADBA2B7FC8ED94800, False
302, T_H2_PB_HeriSign_M.uptnl, Hunt_Map_02/Resource/Props/Props_B/Texture/T_H2_PB_HeriSign_M.uptnl, 27017930, uptnl, 56784, 40969, 1, 56784, 6AF3CC5926E3368B3E816D87A4A6C13CBE003E57, False
303, T_H2_PB_HeriSign_N.uptnl, Hunt_Map_02/Resource/Props/Props_B/Texture/T_H2_PB_HeriSign_N.uptnl, 27058972, uptnl, 155664, 61396, 1, 155664, DF3AD37F624BBE5CD63C4596C73D126858629AD5, False
304, T_H2_PB_Irisgate_A.uptnl, Hunt_Map_02/Resource/Props/Props_B/Texture/T_H2_PB_Irisgate_A.uptnl, 27120441, uptnl, 114192, 76736, 1, 114192, F13C289F9997641A91C18136814394D8CE316EB3, False
305, T_H2_PB_Irisgate_M.uptnl, Hunt_Map_02/Resource/Props/Props_B/Texture/T_H2_PB_Irisgate_M.uptnl, 27197250, uptnl, 114192, 70909, 1, 114192, ED2ADE90A3C34D2ED7BED3BF1A0A86DFE4EFE234, False
306, T_H2_PB_Irisgate_N.uptnl, Hunt_Map_02/Resource/Props/Props_B/Texture/T_H2_PB_Irisgate_N.uptnl, 27268232, uptnl, 313472, 186234, 2, 262144, CC69807264332F18C896C0CF2B44C17B991F3C35, False
307, T_H2_PB_NovaCart_A.uptnl, Hunt_Map_02/Resource/Props/Props_B/Texture/T_H2_PB_NovaCart_A.uptnl, 27454555, uptnl, 226528, 164152, 1, 226528, 03C86814E67158CDB8AD240E52C8AD389ACF937B, False
308, T_H2_PB_NovaCart_M.uptnl, Hunt_Map_02/Resource/Props/Props_B/Texture/T_H2_PB_NovaCart_M.uptnl, 27618780, uptnl, 226528, 154178, 1, 226528, 37E7432798DF082BFE0503395ACAA5C4748E9D7C, False
309, T_H2_PB_NovaCart_N.uptnl, Hunt_Map_02/Resource/Props/Props_B/Texture/T_H2_PB_NovaCart_N.uptnl, 27773031, uptnl, 623520, 260511, 3, 262144, 4F44EA390F242C5BE8501F253445F312FAD2897C, False
310, T_H2_PB_Oiltank_A.uptnl, Hunt_Map_02/Resource/Props/Props_B/Texture/T_H2_PB_Oiltank_A.uptnl, 28033647, uptnl, 56784, 46152, 1, 56784, 3FD97B1992595D37FA51319B472280AD6EBE77E2, False
311, T_H2_PB_Oiltank_M.uptnl, Hunt_Map_02/Resource/Props/Props_B/Texture/T_H2_PB_Oiltank_M.uptnl, 28079872, uptnl, 56784, 45849, 1, 56784, B0E3E628C70E9773068737C7A971937D0C9A459F, False
312, T_H2_PB_Oiltank_N.uptnl, Hunt_Map_02/Resource/Props/Props_B/Texture/T_H2_PB_Oiltank_N.uptnl, 28125794, uptnl, 155664, 99151, 1, 155664, D39BFB3DC37E69B499CE6C2587EE9EEF0064AD35, False
313, T_H2_PB_RoadGantryB_A.uptnl, Hunt_Map_02/Resource/Props/Props_B/Texture/T_H2_PB_RoadGantryB_A.uptnl, 28225018, uptnl, 114192, 67989, 1, 114192, 408FA0CD61B72D6CB67B4F09AB813F0DC6ACD235, False
314, T_H2_PB_RoadGantryB_M.uptnl, Hunt_Map_02/Resource/Props/Props_B/Texture/T_H2_PB_RoadGantryB_M.uptnl, 28293080, uptnl, 114192, 64643, 1, 114192, 79D89C8077459BD672577948800D787E9445225F, False
315, T_H2_PB_RoadGantryB_N.uptnl, Hunt_Map_02/Resource/Props/Props_B/Texture/T_H2_PB_RoadGantryB_N.uptnl, 28357796, uptnl, 313472, 112946, 2, 262144, 7417B9652C151C61578961CF81A40C61A74F9F7D, False
316, T_H2_PB_RoboHead_A.uptnl, Hunt_Map_02/Resource/Props/Props_B/Texture/T_H2_PB_RoboHead_A.uptnl, 28470831, uptnl, 56784, 46349, 1, 56784, D34E1260AB51366628C643DD40533A10BAC112A7, False
317, T_H2_PB_RoboHead_M.uptnl, Hunt_Map_02/Resource/Props/Props_B/Texture/T_H2_PB_RoboHead_M.uptnl, 28517253, uptnl, 56784, 40868, 1, 56784, 0DF1D187569636AE00FB8715D067016D9078E7BE, False
318, T_H2_PB_RoboHead_N.uptnl, Hunt_Map_02/Resource/Props/Props_B/Texture/T_H2_PB_RoboHead_N.uptnl, 28558194, uptnl, 155664, 96218, 1, 155664, 84095896B051CE72E21B2E116F986E9B414C40E8, False
319, T_H2_PB_RomaGate_A.uptnl, Hunt_Map_02/Resource/Props/Props_B/Texture/T_H2_PB_RomaGate_A.uptnl, 28654485, uptnl, 898928, 484624, 4, 262144, A0E79CC575459CB238F6A6609FB1DD7BF249FCCE, False
320, T_H2_PB_RomaGate_M.uptnl, Hunt_Map_02/Resource/Props/Props_B/Texture/T_H2_PB_RomaGate_M.uptnl, 29139230, uptnl, 226528, 119444, 1, 226528, 8E73F749B597EDBA3453C6E48B7E90F2AAEAAA74, False
321, T_H2_PB_RomaGate_N.uptnl, Hunt_Map_02/Resource/Props/Props_B/Texture/T_H2_PB_RomaGate_N.uptnl, 29258747, uptnl, 2494944, 927879, 10, 262144, 455AFC5B2A997ACB62D51DD7BC5642A8EB583751, False
322, T_H2_PB_RuinTower_A.uptnl, Hunt_Map_02/Resource/Props/Props_B/Texture/T_H2_PB_RuinTower_A.uptnl, 30186843, uptnl, 56784, 46024, 1, 56784, 57DC0EACFC65E1B799AD4B1A3129678036827045, False
323, T_H2_PB_RuinTower_M.uptnl, Hunt_Map_02/Resource/Props/Props_B/Texture/T_H2_PB_RuinTower_M.uptnl, 30232940, uptnl, 56784, 43324, 1, 56784, 7FF01EC0C50024C02CBDFD1908A93563804DF7C1, False
324, T_H2_PB_RuinTower_N.uptnl, Hunt_Map_02/Resource/Props/Props_B/Texture/T_H2_PB_RuinTower_N.uptnl, 30276337, uptnl, 155664, 52638, 1, 155664, E825AE9F63BAC00943F3F1C44FD5A079B9C8F044, False
325, T_H2_PB_Shack_A.uptnl, Hunt_Map_02/Resource/Props/Props_B/Texture/T_H2_PB_Shack_A.uptnl, 30329048, uptnl, 56784, 42326, 1, 56784, 20A4A2FBE320CCBFE0EFE8F914A0DC46E081DDDC, False
326, T_H2_PB_Shack_M.uptnl, Hunt_Map_02/Resource/Props/Props_B/Texture/T_H2_PB_Shack_M.uptnl, 30371447, uptnl, 56784, 40431, 1, 56784, C09DEA022D58BD8A6E306C41899CA3E013846BD4, False
327, T_H2_PB_Shack_N.uptnl, Hunt_Map_02/Resource/Props/Props_B/Texture/T_H2_PB_Shack_N.uptnl, 30411951, uptnl, 155664, 55944, 1, 155664, D526D3D869631F9A419F9924103D775E4BEB6D73, False
328, T_H2_PB_Shed_A.uptnl, Hunt_Map_02/Resource/Props/Props_B/Texture/T_H2_PB_Shed_A.uptnl, 30467968, uptnl, 56784, 43859, 1, 56784, 77F835C0E0A79F9CC1011E1CBA8B1B790E1AF7AA, False
329, T_H2_PB_Shed_M.uptnl, Hunt_Map_02/Resource/Props/Props_B/Texture/T_H2_PB_Shed_M.uptnl, 30511900, uptnl, 56784, 41456, 1, 56784, 82F1F3B7654F310192B8FC283354353E057BB8A4, False
330, T_H2_PB_Shed_N.uptnl, Hunt_Map_02/Resource/Props/Props_B/Texture/T_H2_PB_Shed_N.uptnl, 30553429, uptnl, 155664, 98992, 1, 155664, AA8057952026C132B09F9390C3385E50623D256F, False
331, T_H2_PB_SolarPanel_A.uptnl, Hunt_Map_02/Resource/Props/Props_B/Texture/T_H2_PB_SolarPanel_A.uptnl, 30652494, uptnl, 13520, 10456, 1, 13520, 4EC0CFE89F81AA8F32089817357E0E42B0969EAA, False
332, T_H2_PB_SolarPanel_M.uptnl, Hunt_Map_02/Resource/Props/Props_B/Texture/T_H2_PB_SolarPanel_M.uptnl, 30663023, uptnl, 13520, 10187, 1, 13520, 5D7B8A6B74B1B738A3FBAB888734C2225353C883, False
333, T_H2_PB_SolarPanel_N.uptnl, Hunt_Map_02/Resource/Props/Props_B/Texture/T_H2_PB_SolarPanel_N.uptnl, 30673283, uptnl, 37328, 16742, 1, 37328, 87D1336E21765214988A7F8D85FDE3A51C42A834, False
334, T_H2_PB_Sprinkle_A.uptnl, Hunt_Map_02/Resource/Props/Props_B/Texture/T_H2_PB_Sprinkle_A.uptnl, 30690098, uptnl, 13520, 10577, 1, 13520, E594765FB61B24365A4D195577FCA97CEC7E5427, False
335, T_H2_PB_Sprinkle_M.uptnl, Hunt_Map_02/Resource/Props/Props_B/Texture/T_H2_PB_Sprinkle_M.uptnl, 30700748, uptnl, 13520, 9918, 1, 13520, A614E38F5993020FABAFF243D87D8E00F53E70D2, False
336, T_H2_PB_Sprinkle_N.uptnl, Hunt_Map_02/Resource/Props/Props_B/Texture/T_H2_PB_Sprinkle_N.uptnl, 30710739, uptnl, 37328, 19816, 1, 37328, 33F09A4D260DAB257E6008FD4465A6900F5EA42F, False
337, T_H2_PB_StorTank_A.uptnl, Hunt_Map_02/Resource/Props/Props_B/Texture/T_H2_PB_StorTank_A.uptnl, 30730628, uptnl, 226528, 154091, 1, 226528, 45BDDBFFC803675500AA08C3B7568E0E5C2DBC6A, False
338, T_H2_PB_StorTank_M.uptnl, Hunt_Map_02/Resource/Props/Props_B/Texture/T_H2_PB_StorTank_M.uptnl, 30884792, uptnl, 226528, 155640, 1, 226528, D69B46559966A3CC74AB261C6167C30F1F160846, False
339, T_H2_PB_StorTank_N.uptnl, Hunt_Map_02/Resource/Props/Props_B/Texture/T_H2_PB_StorTank_N.uptnl, 31040505, uptnl, 623520, 179481, 3, 262144, A61CA083E7B59C1A51400D8D82F9146F03AABEDB, False
340, T_H2_PB_Trashcan_A.uptnl, Hunt_Map_02/Resource/Props/Props_B/Texture/T_H2_PB_Trashcan_A.uptnl, 31220091, uptnl, 13520, 11210, 1, 13520, 11A364C0F62B39545D6E72B32533E99B0B6FB2EC, False
341, T_H2_PB_Trashcan_M.uptnl, Hunt_Map_02/Resource/Props/Props_B/Texture/T_H2_PB_Trashcan_M.uptnl, 31231374, uptnl, 13520, 10801, 1, 13520, 036258B6EEF8C8B518AF4FBE315894CFD2C83CFE, False
342, T_H2_PB_Trashcan_N.uptnl, Hunt_Map_02/Resource/Props/Props_B/Texture/T_H2_PB_Trashcan_N.uptnl, 31242248, uptnl, 37328, 25901, 1, 37328, AEF9D5895C5F73AABA5DA40504C62D7376066C12, False
343, T_H2_PB_WoodSign_A.uptnl, Hunt_Map_02/Resource/Props/Props_B/Texture/T_H2_PB_WoodSign_A.uptnl, 31268222, uptnl, 13520, 11882, 1, 13520, B59FC240C792F6E37422E1A02B38CE77F02034C7, False
344, T_H2_PB_WoodSign_M.uptnl, Hunt_Map_02/Resource/Props/Props_B/Texture/T_H2_PB_WoodSign_M.uptnl, 31280177, uptnl, 13520, 10748, 1, 13520, 87B10441351D3320018BDA0353A97DB299CCCADF, False
345, T_H2_PB_WoodSign_N.uptnl, Hunt_Map_02/Resource/Props/Props_B/Texture/T_H2_PB_WoodSign_N.uptnl, 31290998, uptnl, 37328, 26431, 1, 37328, F883F9E1CE7A2F21326F42B449D8FE501E292123, False
346, T_H2_PB_WoodSta_A.uptnl, Hunt_Map_02/Resource/Props/Props_B/Texture/T_H2_PB_WoodSta_A.uptnl, 31317502, uptnl, 56784, 38583, 1, 56784, 96CF3EF40AF43E236A5745E1554A4ADD02ED415F, False
347, T_H2_PB_WoodSta_M.uptnl, Hunt_Map_02/Resource/Props/Props_B/Texture/T_H2_PB_WoodSta_M.uptnl, 31356158, uptnl, 56784, 36942, 1, 56784, 17ADEBD2DC5A701883D587AF343D31F3153DD587, False
348, T_H2_PB_WoodSta_N.uptnl, Hunt_Map_02/Resource/Props/Props_B/Texture/T_H2_PB_WoodSta_N.uptnl, 31393173, uptnl, 155664, 88511, 1, 155664, F68614D7DD9C572F4BACFCE95C9DEC77C149693F, False
349, T_H2_PBHLOD_A.uptnl, Hunt_Map_02/Resource/Props/Props_B/Texture/T_H2_PBHLOD_A.uptnl, 31481757, uptnl, 56784, 43032, 1, 56784, 072CD98BADC5F526F0D7B083B7C9AB6C6D8046A7, False
350, T_H2_RomaHLOD_A.uptnl, Hunt_Map_02/Resource/Props/Props_B/Texture/T_H2_RomaHLOD_A.uptnl, 31524862, uptnl, 56784, 16315, 1, 56784, A7B85D2E468C808DFE65EABC64CE105BBD434E02, False
351, T_H2_PM_Conditioner_A.uptnl, Hunt_Map_02/Resource/Props/Props_M/Texture/T_H2_PM_Conditioner_A.uptnl, 31541250, uptnl, 13520, 10523, 1, 13520, E1DCEBEE42D9F56AA3709F8635B65E9E471170C0, False
352, T_H2_PM_Conditioner_M.uptnl, Hunt_Map_02/Resource/Props/Props_M/Texture/T_H2_PM_Conditioner_M.uptnl, 31551846, uptnl, 13520, 10618, 1, 13520, EF4D2762E411D350CCEEADC76FC0F0D390EA873F, False
353, T_H2_PM_Conditioner_N.uptnl, Hunt_Map_02/Resource/Props/Props_M/Texture/T_H2_PM_Conditioner_N.uptnl, 31562537, uptnl, 37328, 15680, 1, 37328, 20F5F43AACA39FD2B4A12E2D78A89A12EF9CE059, False
354, T_H2_PM_FuelBarrel_A.uptnl, Hunt_Map_02/Resource/Props/Props_M/Texture/T_H2_PM_FuelBarrel_A.uptnl, 31578290, uptnl, 2704, 2202, 1, 2704, E653BDC4F322D10F14B7F59644B23E2ED9D5D194, False
355, T_H2_PM_FuelBarrel_M.uptnl, Hunt_Map_02/Resource/Props/Props_M/Texture/T_H2_PM_FuelBarrel_M.uptnl, 31580565, uptnl, 2704, 2267, 1, 2704, 321A577F418EE091C586A38C670ECAD9876F4562, False
356, T_H2_PM_FuelBarrel_N.uptnl, Hunt_Map_02/Resource/Props/Props_M/Texture/T_H2_PM_FuelBarrel_N.uptnl, 31582905, uptnl, 7744, 5425, 1, 7744, D354FB131458A1F64E06E3FB17CA71C93E4EEE3E, False
357, T_H2_PM_RoadBlock_A.uptnl, Hunt_Map_02/Resource/Props/Props_M/Texture/T_H2_PM_RoadBlock_A.uptnl, 31588403, uptnl, 13520, 4079, 1, 13520, 70488047626E9F93D5C10288937287355BF8B2B2, False
358, T_H2_PM_RoadBlock_M.uptnl, Hunt_Map_02/Resource/Props/Props_M/Texture/T_H2_PM_RoadBlock_M.uptnl, 31592555, uptnl, 13520, 3568, 1, 13520, 24460D31C237ABDA09A278B0EF49F582F6FA61EE, False
359, T_H2_PM_RoadBlock_N.uptnl, Hunt_Map_02/Resource/Props/Props_M/Texture/T_H2_PM_RoadBlock_N.uptnl, 31596196, uptnl, 37328, 11626, 1, 37328, E4788F928B5331E88D84B8F560DA29643B425C16, False
360, T_H2_PM_Screen_A.uptnl, Hunt_Map_02/Resource/Props/Props_M/Texture/T_H2_PM_Screen_A.uptnl, 31607895, uptnl, 13520, 10953, 1, 13520, 6734E24A9DADBFB5D878560DA1BF9AC2E3D58288, False
361, T_H2_PM_Screen_M.uptnl, Hunt_Map_02/Resource/Props/Props_M/Texture/T_H2_PM_Screen_M.uptnl, 31618921, uptnl, 13520, 10967, 1, 13520, 412712DC7E9A8C11709A21CA279A6F5A9527509C, False
362, T_H2_PM_Screen_N.uptnl, Hunt_Map_02/Resource/Props/Props_M/Texture/T_H2_PM_Screen_N.uptnl, 31629961, uptnl, 37328, 13288, 1, 37328, B1303ECEB6352800D0BF48F3E25B38114E7388E7, False
363, T_H2_PM_Shelf_A.uptnl, Hunt_Map_02/Resource/Props/Props_M/Texture/T_H2_PM_Shelf_A.uptnl, 31643322, uptnl, 56784, 40289, 1, 56784, EBB4CE7DBDB39D0BF7DC5C93D367CFABD54CB82A, False
364, T_H2_PM_Shelf_M.uptnl, Hunt_Map_02/Resource/Props/Props_M/Texture/T_H2_PM_Shelf_M.uptnl, 31683684, uptnl, 56784, 37995, 1, 56784, 89C9C1195DC118A11CA933669C11C57B30CFD75D, False
365, T_H2_PM_Shelf_N.uptnl, Hunt_Map_02/Resource/Props/Props_M/Texture/T_H2_PM_Shelf_N.uptnl, 31721752, uptnl, 155664, 62660, 1, 155664, 565605F1E8084380B006B265D7028F3E8CD82C34, False
366, T_H2_PM_Shopshelf_A.uptnl, Hunt_Map_02/Resource/Props/Props_M/Texture/T_H2_PM_Shopshelf_A.uptnl, 31784485, uptnl, 28496, 19650, 1, 28496, 886F9F8ED1F4B90533723E6F40EB334FA6675E5A, False
367, T_H2_PM_Shopshelf_M.uptnl, Hunt_Map_02/Resource/Props/Props_M/Texture/T_H2_PM_Shopshelf_M.uptnl, 31804208, uptnl, 28496, 17694, 1, 28496, A40ACD2B6EA50B1205B2798D0FA6FD80227274DA, False
368, T_H2_PM_Shopshelf_N.uptnl, Hunt_Map_02/Resource/Props/Props_M/Texture/T_H2_PM_Shopshelf_N.uptnl, 31821975, uptnl, 78176, 40789, 1, 78176, 1B86735E203BC1067267AB8E6BDD6DD1AB07BB47, False
369, T_H2_PM_StrawPile_A.uptnl, Hunt_Map_02/Resource/Props/Props_M/Texture/T_H2_PM_StrawPile_A.uptnl, 31862837, uptnl, 56784, 43425, 1, 56784, 835F28E4F1898C884C3E0515D40780E43D652314, False
370, T_H2_PM_StrawPile_M.uptnl, Hunt_Map_02/Resource/Props/Props_M/Texture/T_H2_PM_StrawPile_M.uptnl, 31906335, uptnl, 56784, 37464, 1, 56784, 9C25751B6AD0AEACD54435A9AEAFC4582BAC8A91, False
371, T_H2_PM_StrawPile_N.uptnl, Hunt_Map_02/Resource/Props/Props_M/Texture/T_H2_PM_StrawPile_N.uptnl, 31943872, uptnl, 155664, 128746, 1, 155664, 5EB7254F3D710DE129F02279E40FC1FABD0E7F48, False
372, T_H2_PM_StumpA_A.uptnl, Hunt_Map_02/Resource/Props/Props_M/Texture/T_H2_PM_StumpA_A.uptnl, 32072691, uptnl, 13520, 5821, 1, 13520, F671DCBD20CEBD5BAF82B5737B60674F2FD3CB8E, False
373, T_H2_PM_StumpA_M.uptnl, Hunt_Map_02/Resource/Props/Props_M/Texture/T_H2_PM_StumpA_M.uptnl, 32078585, uptnl, 13520, 4754, 1, 13520, 25E6272333DA1966199F8F9EC8715E77D7F452BD, False
374, T_H2_PM_StumpA_N.uptnl, Hunt_Map_02/Resource/Props/Props_M/Texture/T_H2_PM_StumpA_N.uptnl, 32083412, uptnl, 37328, 15188, 1, 37328, 6336387A46709C57F89D7BDD6F94F57080234196, False
375, T_H2_PM_StumpB_A.uptnl, Hunt_Map_02/Resource/Props/Props_M/Texture/T_H2_PM_StumpB_A.uptnl, 32098673, uptnl, 13520, 9710, 1, 13520, 14BA61265FE49A31BBDC1D4336444A7D3132410A, False
376, T_H2_PM_StumpB_M.uptnl, Hunt_Map_02/Resource/Props/Props_M/Texture/T_H2_PM_StumpB_M.uptnl, 32108456, uptnl, 13520, 7561, 1, 13520, 4DAEF8CA182FAC85FF6603DE41D8CD491035F08D, False
377, T_H2_PM_StumpB_N.uptnl, Hunt_Map_02/Resource/Props/Props_M/Texture/T_H2_PM_StumpB_N.uptnl, 32116090, uptnl, 37328, 24978, 1, 37328, 87B4CBB65B06C0E6688B916E4A1B8C5A9C1ACCB8, False
378, T_H2_PM_Sunshade_A.uptnl, Hunt_Map_02/Resource/Props/Props_M/Texture/T_H2_PM_Sunshade_A.uptnl, 32141141, uptnl, 13520, 10598, 1, 13520, 3938F470DFD0149B5D810049BC4F9EA26213081E, False
379, T_H2_PM_Sunshade_M.uptnl, Hunt_Map_02/Resource/Props/Props_M/Texture/T_H2_PM_Sunshade_M.uptnl, 32151812, uptnl, 13520, 9919, 1, 13520, 7C174DA656B31636482932281249350F9D696FE1, False
380, T_H2_PM_Sunshade_N.uptnl, Hunt_Map_02/Resource/Props/Props_M/Texture/T_H2_PM_Sunshade_N.uptnl, 32161804, uptnl, 37328, 25958, 1, 37328, 1CFE5BB6AE97C16AA43BD89185B33D8F45E782E3, False
381, T_H2_PM_Tent_A.uptnl, Hunt_Map_02/Resource/Props/Props_M/Texture/T_H2_PM_Tent_A.uptnl, 32187835, uptnl, 226528, 153929, 1, 226528, 1DB1DA1B08081C754D0975F2399E1F51EAC64CF8, False
382, T_H2_PM_Tent_M.uptnl, Hunt_Map_02/Resource/Props/Props_M/Texture/T_H2_PM_Tent_M.uptnl, 32341837, uptnl, 226528, 143962, 1, 226528, 7255F181B1F4C12D06307D95C7CE1BCA7D6D0AC5, False
383, T_H2_PM_Tent_N.uptnl, Hunt_Map_02/Resource/Props/Props_M/Texture/T_H2_PM_Tent_N.uptnl, 32485872, uptnl, 623520, 331878, 3, 262144, 2C60B81336709BAC4B9D2467C9F1EB7828E5F1A4, False
384, T_H2_PM_TireSet_A.uptnl, Hunt_Map_02/Resource/Props/Props_M/Texture/T_H2_PM_TireSet_A.uptnl, 32817855, uptnl, 2704, 2120, 1, 2704, C590F1E45DBEE228ADB8A6224ECC0AFE7114031E, False
385, T_H2_PM_TireSet_M.uptnl, Hunt_Map_02/Resource/Props/Props_M/Texture/T_H2_PM_TireSet_M.uptnl, 32820048, uptnl, 2704, 2174, 1, 2704, 3B5EEA459660146DAC3AA46C4EC3D90AC88D1292, False
386, T_H2_PM_TireSet_N.uptnl, Hunt_Map_02/Resource/Props/Props_M/Texture/T_H2_PM_TireSet_N.uptnl, 32822295, uptnl, 7744, 6047, 1, 7744, FF625F4B51273075303F4FEEC756C5BD220C368E, False
387, T_H2_PM_WoodBox_A.uptnl, Hunt_Map_02/Resource/Props/Props_M/Texture/T_H2_PM_WoodBox_A.uptnl, 32828415, uptnl, 13520, 9267, 1, 13520, E91B414330E7807DCDE5A3CB27361EF4B4D6D76B, False
388, T_H2_PM_WoodBox_m.uptnl, Hunt_Map_02/Resource/Props/Props_M/Texture/T_H2_PM_WoodBox_m.uptnl, 32837755, uptnl, 13520, 8157, 1, 13520, 971D8418C90F8ECB36F3B066B3AE9BC7D49EE49B, False
389, T_H2_PM_WoodBox_N.uptnl, Hunt_Map_02/Resource/Props/Props_M/Texture/T_H2_PM_WoodBox_N.uptnl, 32845985, uptnl, 37328, 20496, 1, 37328, 464DB65CED28C7EB65349588DB8DAF56B0B524BC, False
390, T_H2_PS_Decorate_A.uptnl, Hunt_Map_02/Resource/Props/Props_S/Texture/T_H2_PS_Decorate_A.uptnl, 32866554, uptnl, 56784, 43909, 1, 56784, 74C8853065AC0D3446DD3ADE2E71AADAF15574C2, False
391, T_H2_PS_Decorate_M.uptnl, Hunt_Map_02/Resource/Props/Props_S/Texture/T_H2_PS_Decorate_M.uptnl, 32910536, uptnl, 56784, 42050, 1, 56784, 5D569D8632753317FD784B400D7062B1E7107272, False
392, T_H2_PS_Decorate_N.uptnl, Hunt_Map_02/Resource/Props/Props_S/Texture/T_H2_PS_Decorate_N.uptnl, 32952659, uptnl, 155664, 65021, 1, 155664, 09F6D9EE001B8F33DC188EEDDD54FEB7D76408B0, False
393, T_H2_PS_JunkHeep_A.uptnl, Hunt_Map_02/Resource/Props/Props_S/Texture/T_H2_PS_JunkHeep_A.uptnl, 33017753, uptnl, 2704, 2704, 0, 0, 69438D2983C97C944B8D868429CDA9A31DB5C418, False
394, T_H2_PS_JunkHeep_M.uptnl, Hunt_Map_02/Resource/Props/Props_S/Texture/T_H2_PS_JunkHeep_M.uptnl, 33020510, uptnl, 2704, 2315, 1, 2704, C29C6760CCB285BE4141601A6B084BC617D18B57, False
395, T_H2_PS_JunkHeep_N.uptnl, Hunt_Map_02/Resource/Props/Props_S/Texture/T_H2_PS_JunkHeep_N.uptnl, 33022898, uptnl, 7744, 5544, 1, 7744, 1EA4F925ADCF5540C92B1B0F2C4B3E8F230C0D56, False
396, T_H2_PS_Stones_A.uptnl, Hunt_Map_02/Resource/Props/Props_S/Texture/T_H2_PS_Stones_A.uptnl, 33028515, uptnl, 56784, 45374, 1, 56784, 903C437D49BEA4DA62CDD516319110278B491C0F, False
397, T_H2_PS_Stones_M.uptnl, Hunt_Map_02/Resource/Props/Props_S/Texture/T_H2_PS_Stones_M.uptnl, 33073962, uptnl, 56784, 38911, 1, 56784, 18B2BF2BC9CEAABA6B7AC0A98745C25F717BEA16, False
398, T_H2_PS_Stones_N.uptnl, Hunt_Map_02/Resource/Props/Props_S/Texture/T_H2_PS_Stones_N.uptnl, 33112946, uptnl, 155664, 126474, 1, 155664, 48F02D1548063D66ACBEF9A1C7E4396CEDA6AD05, False
399, T_H2_PS_Wires_A.uptnl, Hunt_Map_02/Resource/Props/Props_S/Texture/T_H2_PS_Wires_A.uptnl, 33239493, uptnl, 13520, 5985, 1, 13520, 784030EBD497A408A5445539377D160E5DC78171, False
400, T_H2_PS_Wires_M.uptnl, Hunt_Map_02/Resource/Props/Props_S/Texture/T_H2_PS_Wires_M.uptnl, 33245551, uptnl, 13520, 5568, 1, 13520, 49B9EFF4B3F9760C6CB492BBFBDE0BF8F1B016CB, False
401, T_H2_PS_Wires_N.uptnl, Hunt_Map_02/Resource/Props/Props_S/Texture/T_H2_PS_Wires_N.uptnl, 33251192, uptnl, 37328, 5246, 1, 37328, 16C394A8605ED6D7D2319C31A89118416D58EC26, False
402, T_H2_Net_AA.uptnl, Hunt_Map_02/Resource/Props/Props_T/Texture/T_H2_Net_AA.uptnl, 33256511, uptnl, 7744, 6401, 1, 7744, 1CB54DA6B17046F84787D8CD9312E0006ADC3064, False
403, T_H2_PT_LED_01_AA.uptnl, Hunt_Map_02/Resource/Props/Props_T/Texture/T_H2_PT_LED_01_AA.uptnl, 33262985, uptnl, 37328, 4054, 1, 37328, F1E7175A295320FE46548946F89F443819F5D545, False
404, T_H2_Road01_M.uptnl, Hunt_Map_02/Resource/Road/Texture/T_H2_Road01_M.uptnl, 33267112, uptnl, 226528, 189755, 1, 226528, D1248514322F7D94201DC692A8ED6D1D8FBC1C1A, False
405, T_H2_RoadA_AA.uptnl, Hunt_Map_02/Resource/Road/Texture/T_H2_RoadA_AA.uptnl, 33456940, uptnl, 623520, 507035, 3, 262144, 5AF19FA2D9937EF4256142B530004E37CFF6E796, False
406, T_H2_RoadA_N.uptnl, Hunt_Map_02/Resource/Road/Texture/T_H2_RoadA_N.uptnl, 33964080, uptnl, 623520, 505684, 3, 262144, 3175B6C482D8BF6ACE93F73F7405D9B8278F4C84, False
407, T_H2_RoadB_AA.uptnl, Hunt_Map_02/Resource/Road/Texture/T_H2_RoadB_AA.uptnl, 34469869, uptnl, 623520, 531100, 3, 262144, A80D2F1FDEF120F6E0D38CF520FD52035A4DC335, False
408, T_H2_RoadB_N.uptnl, Hunt_Map_02/Resource/Road/Texture/T_H2_RoadB_N.uptnl, 35001074, uptnl, 623520, 490604, 3, 262144, 8EBD4B3C45C4ED803D346C9ECBEECE173AAB5529, False
409, T_H2_RoadC_AA.uptnl, Hunt_Map_02/Resource/Road/Texture/T_H2_RoadC_AA.uptnl, 35491783, uptnl, 623520, 541928, 3, 262144, 43217CA35A5CD419B0777854C2370B7155D697BB, False
410, T_H2_RoadC_N.uptnl, Hunt_Map_02/Resource/Road/Texture/T_H2_RoadC_N.uptnl, 36033816, uptnl, 623520, 507345, 3, 262144, 405641EE678D968FBCED2E7F650CFB19E5E97334, False
411, T_H2_GlobalNormal_A.uptnl, Hunt_Map_02/Resource/Terrain/Texture/T_H2_GlobalNormal_A.uptnl, 36541266, uptnl, 226528, 114231, 1, 226528, 134885B9666C1B2B627EFF065CDF2A2501107E94, False
412, T_H2_LS_BG_A.uptnl, Hunt_Map_02/Resource/Terrain/Texture/T_H2_LS_BG_A.uptnl, 36655570, uptnl, 226528, 184208, 1, 226528, 8CF17BCE2AD1FCD8E2E6B5516C69CC0693AFFA14, False
413, T_H2_LS_BG_NM.uptnl, Hunt_Map_02/Resource/Terrain/Texture/T_H2_LS_BG_NM.uptnl, 36839851, uptnl, 623520, 623520, 0, 0, BB43D79369B93ED1E6B7F2B6FE0481F3CA9C48A7, False
414, T_H2_LS_BR_A.uptnl, Hunt_Map_02/Resource/Terrain/Texture/T_H2_LS_BR_A.uptnl, 37463424, uptnl, 226528, 170771, 1, 226528, 9F1BA7607FDE3419DAFC70FC0C1F238A405544ED, False
415, T_H2_LS_BR_NM.uptnl, Hunt_Map_02/Resource/Terrain/Texture/T_H2_LS_BR_NM.uptnl, 37634268, uptnl, 623520, 623520, 0, 0, 5DDEF8EB2F3EBAF17E8EF76417C2A06CE76FD5B7, False
416, T_H2_LS_Dirt_A.uptnl, Hunt_Map_02/Resource/Terrain/Texture/T_H2_LS_Dirt_A.uptnl, 38257841, uptnl, 226528, 171216, 1, 226528, 80143F01FDE71B7DFCC862A79B07C432BDD9768C, False
417, T_H2_LS_Dirt_NM.uptnl, Hunt_Map_02/Resource/Terrain/Texture/T_H2_LS_Dirt_NM.uptnl, 38429130, uptnl, 623520, 623520, 0, 0, AAC7851D8EC6B9E93620C195465E4661FA4A242C, False
418, T_H2_LS_Grass_A.uptnl, Hunt_Map_02/Resource/Terrain/Texture/T_H2_LS_Grass_A.uptnl, 39052703, uptnl, 226528, 178916, 1, 226528, 215CD6DD1B6CD63D78200AB566CF95488F6317EE, False
419, T_H2_LS_Grass_NM.uptnl, Hunt_Map_02/Resource/Terrain/Texture/T_H2_LS_Grass_NM.uptnl, 39231692, uptnl, 623520, 529967, 3, 262144, 5C2924569ECD34D0D426FC92FE3C945AA7DFECA1, False
420, T_H2_LS_MG_A.uptnl, Hunt_Map_02/Resource/Terrain/Texture/T_H2_LS_MG_A.uptnl, 39761764, uptnl, 226528, 155901, 1, 226528, 2BBCBB06E11F7E11CF04F8EC6FA530C4C52AC86D, False
421, T_H2_LS_MG_NM.uptnl, Hunt_Map_02/Resource/Terrain/Texture/T_H2_LS_MG_NM.uptnl, 39917738, uptnl, 623520, 558859, 3, 262144, 6FC11CD4D19D6CDEE42291AC9A58FCD2F122A896, False
422, T_H2_LS_Moss_A.uptnl, Hunt_Map_02/Resource/Terrain/Texture/T_H2_LS_Moss_A.uptnl, 40476702, uptnl, 226528, 181541, 1, 226528, E11DAB7F35E1662B214E3E152B07B9EC92EC958F, False
423, T_H2_LS_Moss_NM.uptnl, Hunt_Map_02/Resource/Terrain/Texture/T_H2_LS_Moss_NM.uptnl, 40658316, uptnl, 623520, 530179, 3, 262144, ED53F9B45D88927DCB1B8161B1FCD7B39D58010A, False
424, T_H2_LS_Mud_A.uptnl, Hunt_Map_02/Resource/Terrain/Texture/T_H2_LS_Mud_A.uptnl, 41188600, uptnl, 226528, 173793, 1, 226528, 8B30BE0E2CF0FA8E21A950C0B96A825071D33CD8, False
425, T_H2_LS_Mud_NM.uptnl, Hunt_Map_02/Resource/Terrain/Texture/T_H2_LS_Mud_NM.uptnl, 41362466, uptnl, 623520, 506147, 3, 262144, A6509361779B2F34F6C46F0CEDDDE20DFC819D88, False
426, T_H2_LS_RS_A.uptnl, Hunt_Map_02/Resource/Terrain/Texture/T_H2_LS_RS_A.uptnl, 41868718, uptnl, 226528, 171478, 1, 226528, 4384AFAC7AD76C6476FE90B9FA08530F92616EA3, False
427, T_H2_LS_RS_NM.uptnl, Hunt_Map_02/Resource/Terrain/Texture/T_H2_LS_RS_NM.uptnl, 42040269, uptnl, 623520, 623520, 0, 0, E0474068B381CE66573B538557157D8D3BE417A6, False
428, T_H2_LS_WR_A.uptnl, Hunt_Map_02/Resource/Terrain/Texture/T_H2_LS_WR_A.uptnl, 42663842, uptnl, 226528, 178180, 1, 226528, C827E53CF20E6B034A46A3245C3F2B836D5D68E4, False
429, T_H2_LS_WR_NM.uptnl, Hunt_Map_02/Resource/Terrain/Texture/T_H2_LS_WR_NM.uptnl, 42842095, uptnl, 623520, 623520, 0, 0, C6439264AB0E176ABCA6185FE7E8D5282A487B07, False
430, T_H2_LS_YD_A.uptnl, Hunt_Map_02/Resource/Terrain/Texture/T_H2_LS_YD_A.uptnl, 43465668, uptnl, 226528, 178658, 1, 226528, 3C948549ADC106715E897DCC7A32FFE3960AC134, False
431, T_H2_LS_YD_NM.uptnl, Hunt_Map_02/Resource/Terrain/Texture/T_H2_LS_YD_NM.uptnl, 43644399, uptnl, 623520, 552785, 3, 262144, D024A7D4232E7251A17B47DF136E59D116E460D0, False
432, T_H2_Vista_01_A.uptnl, Hunt_Map_02/Resource/Vista/Texture/T_H2_Vista_01_A.uptnl, 44197289, uptnl, 898928, 693733, 4, 262144, 88E179B79965C034FC3B34D2F2AA07ECE109BF6E, False
433, T_H2_Vista_01_N.uptnl, Hunt_Map_02/Resource/Vista/Texture/T_H2_Vista_01_N.uptnl, 44891143, uptnl, 2494944, 1968377, 10, 262144, 2A9447E59C992D7FF94B53B403B3366A79F97FAA, False
434, T_FX_kBaoX001.uptnl, SequenceScene/KaiBaoXiang/FX_PurcGift/T_FX_kBaoX001.uptnl, 46859737, uptnl, 37328, 958, 1, 37328, BD2B4D1B9C4F101740BA426341F54E30BB2C2705, False
435, T_FX_kBaoX009.uptnl, SequenceScene/KaiBaoXiang/FX_PurcGift/T_FX_kBaoX009.uptnl, 46860768, uptnl, 37328, 23472, 1, 37328, F192ED3A65A695238ECCA259213BA32D15C896A0, False
436, SequenceBackground_BuiltData.uptnl, SequenceScene/SequenceBackground_BuiltData.uptnl, 46884313, uptnl, 7744, 1765, 1, 7744, 4D3311AF8EBF6D3A63E93908AFA66406CDB0325D, False
437, Landscape_tile_x1_y0_BuiltData.uptnl, TutorialLevel_02/Landscape_TutorialLevel_02/Landscape_tile_x1_y0_BuiltData.uptnl, 46886151, uptnl, 237584, 59852, 1, 237584, 4630551D7E8123904C67BC77EC6897D44437FA5C, False
438, Landscape_tile_x1_y1_BuiltData.uptnl, TutorialLevel_02/Landscape_TutorialLevel_02/Landscape_tile_x1_y1_BuiltData.uptnl, 46946076, uptnl, 3887840, 1148685, 15, 262144, 49CCB0E82D4776576BE90913EE86359AA358FFA9, False
439, Landscape_tile_x1_y2_BuiltData.uptnl, TutorialLevel_02/Landscape_TutorialLevel_02/Landscape_tile_x1_y2_BuiltData.uptnl, 48095058, uptnl, 327696, 87939, 2, 262144, 4359F7D0AC38935E54631AC6D490F71A0C90F000, False
440, Landscape_tile_x1_y3_BuiltData.uptnl, TutorialLevel_02/Landscape_TutorialLevel_02/Landscape_tile_x1_y3_BuiltData.uptnl, 48183086, uptnl, 327696, 69917, 2, 262144, BF79A93942C17B4FE6016AE9C96BB162B261A828, False
441, Level_Art_BuiltData.uptnl, TutorialLevel_02/Level_Art/Level_Art_BuiltData.uptnl, 48253092, uptnl, 2639680, 1330936, 11, 262144, DBFA0415AFA1AD7720EACA5566A5D400E077E532, False
442, T_TL_BD_Como01_Out_A.uptnl, TutorialLevel_02/Resource/Building/Texture/T_TL_BD_Como01_Out_A.uptnl, 49584261, uptnl, 898928, 605867, 4, 262144, 7AC2D6362FF83234DAD596536080A1D2719D2436, False
443, T_TL_BD_Como01_Out_M.uptnl, TutorialLevel_02/Resource/Building/Texture/T_TL_BD_Como01_Out_M.uptnl, 50190249, uptnl, 226528, 160231, 1, 226528, EFB4652D11FF211E77CC0733B13E529FEEC2E0A6, False
444, T_TL_BD_Como01_Out_N.uptnl, TutorialLevel_02/Resource/Building/Texture/T_TL_BD_Como01_Out_N.uptnl, 50350553, uptnl, 2494944, 428477, 10, 262144, D95F176DBD48EE5CA884E719513C2AD8923A9ECD, False
445, T_TL_RK_TundraA_A.uptnl, TutorialLevel_02/Resource/Cliff/Texture/T_TL_RK_TundraA_A.uptnl, 50779247, uptnl, 226528, 180704, 1, 226528, D52871ABE876C356DCA40F3A495ADF7E9F2BABE9, False
446, T_TL_RK_TundraA_M.uptnl, TutorialLevel_02/Resource/Cliff/Texture/T_TL_RK_TundraA_M.uptnl, 50960024, uptnl, 226528, 158631, 1, 226528, C77461EC06AA54D626D21C3B121297520E4FB7D7, False
447, T_TL_RK_TundraA_N.uptnl, TutorialLevel_02/Resource/Cliff/Texture/T_TL_RK_TundraA_N.uptnl, 51118728, uptnl, 623520, 520085, 3, 262144, DE370DC585E36A4593481630A1833238893D79D7, False
448, T_TL_FG_Bark02_A.uptnl, TutorialLevel_02/Resource/Foliage/Texture/T_TL_FG_Bark02_A.uptnl, 51638918, uptnl, 56784, 49760, 1, 56784, CDF3877300B0E36ACE50327F879E10CB20538F95, False
449, T_TL_FG_Bark02_M.uptnl, TutorialLevel_02/Resource/Foliage/Texture/T_TL_FG_Bark02_M.uptnl, 51688751, uptnl, 56784, 40866, 1, 56784, 6BC4370B0160A69092E75CD2CFA133404F93A292, False
450, T_TL_FG_Bark02_N.uptnl, TutorialLevel_02/Resource/Foliage/Texture/T_TL_FG_Bark02_N.uptnl, 51729690, uptnl, 155664, 126934, 1, 155664, 371340AB6B68886AFC8E1E30DE2ACB7B190963CF, False
451, T_TL_Grass_01_AA.uptnl, TutorialLevel_02/Resource/Foliage/Texture/T_TL_Grass_01_AA.uptnl, 51856697, uptnl, 155664, 102017, 1, 155664, 7BFE8BB4E786F3AF9832CA41D954EC00EB3EF31E, False
452, T_TL_Grass_01_M.uptnl, TutorialLevel_02/Resource/Foliage/Texture/T_TL_Grass_01_M.uptnl, 51958787, uptnl, 2704, 2704, 0, 0, ED1478D5FE9487F25A275A5581860F7399702C80, False
453, T_TL_Tree_Billboard_AA.uptnl, TutorialLevel_02/Resource/Foliage/Texture/T_TL_Tree_Billboard_AA.uptnl, 51961544, uptnl, 19008, 12810, 1, 19008, B60048BEA56212F0ADBBC5F5A07F1B40C429B990, False
454, T_FX_PA_03_AA_2.uptnl, TutorialLevel_02/Resource/FX/Texture/T_FX_PA_03_AA_2.uptnl, 52034457, uptnl, 13520, 9437, 1, 13520, ABF3BD228B6E012B868AF7F2F539C31A3195FA8F, False
455, T_FX_Arrow_Tutorial_Guide.uptnl, TutorialLevel_02/Resource/FX/T_FX_Arrow_Tutorial_Guide.uptnl, 51974427, uptnl, 6864, 1426, 1, 6864, 249E0FE8D2FC9757DAF0A4E50E37DD1C0CDC26AA, False
456, T_FX_Arrow_Tutorial_Obstacle.uptnl, TutorialLevel_02/Resource/FX/T_FX_Arrow_Tutorial_Obstacle.uptnl, 51975926, uptnl, 7488, 2170, 1, 7488, CD532023DBE34B905F3C5E25272C6E4760CE4547, False
457, T_FX_Fire_001.uptnl, TutorialLevel_02/Resource/FX/T_FX_Fire_001.uptnl, 51978169, uptnl, 13520, 7691, 1, 13520, 6FB3A295E0D88154CC7C3F7BEFE9A7E577959635, False
458, T_FX_Flip_Smoke.uptnl, TutorialLevel_02/Resource/FX/T_FX_Flip_Smoke.uptnl, 51985933, uptnl, 56784, 28781, 1, 56784, 44B86BB5B7A5CFC1C6FD70EEE6320604F4D6BA27, False
459, T_FX_HUD_GuidePoint_001.uptnl, TutorialLevel_02/Resource/FX/T_FX_HUD_GuidePoint_001.uptnl, 52014787, uptnl, 56784, 9271, 1, 56784, 9F8384B074633B25BF2CBFEEF13A59AAE457E65E, False
460, T_FX_Mask_Gradual.uptnl, TutorialLevel_02/Resource/FX/T_FX_Mask_Gradual.uptnl, 52024131, uptnl, 2704, 1374, 1, 2704, 0ED8C873A49986F33AB7F0CCFE96EA3F047F1BDE, False
461, T_FX_NewPlayerGuide_Arrow.uptnl, TutorialLevel_02/Resource/FX/T_FX_NewPlayerGuide_Arrow.uptnl, 52025578, uptnl, 2704, 1682, 1, 2704, 5BD0A7B535F47AC1C582A3F106C8686C32F373B2, False
462, T_FX_WarningObstacle_Road_02.uptnl, TutorialLevel_02/Resource/FX/T_FX_WarningObstacle_Road_02.uptnl, 52027333, uptnl, 28496, 7051, 1, 28496, 78C97D3B50B4455FEE03752A0B8ECEC3F739A683, False
463, T_TL_PA_01_AA.uptnl, TutorialLevel_02/Resource/Props/Props_A/Texture/T_TL_PA_01_AA.uptnl, 52043967, uptnl, 7744, 5096, 1, 7744, 95D5BB0D52C9E974BDF3C860C20B8215B6FDAF81, False
464, T_TL_PA_02_AA.uptnl, TutorialLevel_02/Resource/Props/Props_A/Texture/T_TL_PA_02_AA.uptnl, 52049136, uptnl, 7744, 6389, 1, 7744, E77C78C94FD0A6782340A356AA98537B57EAB6F9, False
465, T_TL_PA_03_AA.uptnl, TutorialLevel_02/Resource/Props/Props_A/Texture/T_TL_PA_03_AA.uptnl, 52055598, uptnl, 7744, 6485, 1, 7744, DACF04549E78B0A2B0EEC6FE1BF6CD8BC855BAC9, False
466, T_TL_PA_Vines_AA.uptnl, TutorialLevel_02/Resource/Props/Props_A/Texture/T_TL_PA_Vines_AA.uptnl, 52062156, uptnl, 155664, 76575, 1, 155664, D1A06AF5D7A14B33B028C73E69154B4662098305, False
467, T_TL_PB_03_A.uptnl, TutorialLevel_02/Resource/Props/Props_B/Texture/T_TL_PB_03_A.uptnl, 52138804, uptnl, 898928, 620633, 4, 262144, 155BFF10664F986ACA58D738BEB3896C71CEC292, False
468, T_TL_PB_03_M.uptnl, TutorialLevel_02/Resource/Props/Props_B/Texture/T_TL_PB_03_M.uptnl, 52759558, uptnl, 226528, 154422, 1, 226528, A42CA839757C53C48EA9CB6B697F60458FADB7C8, False
469, T_TL_PB_03_N.uptnl, TutorialLevel_02/Resource/Props/Props_B/Texture/T_TL_PB_03_N.uptnl, 52914053, uptnl, 2494944, 1220032, 10, 262144, 0612B57008A69BB7E387EB6E11346E998D4DE44F, False
470, T_TL_Road01_M.uptnl, TutorialLevel_02/Resource/Road/Texture/T_TL_Road01_M.uptnl, 54134302, uptnl, 226528, 189745, 1, 226528, D739BEC9C5BD136379E473CC8CD7ED8523AB6878, False
471, T_TL_RoadA_AA.uptnl, TutorialLevel_02/Resource/Road/Texture/T_TL_RoadA_AA.uptnl, 54324120, uptnl, 623520, 514687, 3, 262144, E1EC7A9EDF64720FA9D99B6C66F2422B939536D7, False
472, T_TL_RoadA_N.uptnl, TutorialLevel_02/Resource/Road/Texture/T_TL_RoadA_N.uptnl, 54838912, uptnl, 623520, 507442, 3, 262144, 6E0420BEA5CDD44FFFEC16D5B7B693314E648D35, False
473, T_TL_RoadB_AA.uptnl, TutorialLevel_02/Resource/Road/Texture/T_TL_RoadB_AA.uptnl, 55346459, uptnl, 623520, 518998, 3, 262144, BE347D6D8A11BA93CAFCDC041D9EE944CEBCB1F0, False
474, T_TL_RoadB_N.uptnl, TutorialLevel_02/Resource/Road/Texture/T_TL_RoadB_N.uptnl, 55865562, uptnl, 623520, 494009, 3, 262144, 6C1EABC7FB306001B82A5C2E04C4AD9FB88F5A87, False
475, T_TL_LS_Dirt_A.uptnl, TutorialLevel_02/Resource/Terrain/Texture/T_TL_LS_Dirt_A.uptnl, 56359676, uptnl, 226528, 159988, 1, 226528, 58CF576835F6615D7EFF94F4D9FC5EA59C7F9DDA, False
476, T_TL_LS_Dirt_NM.uptnl, TutorialLevel_02/Resource/Terrain/Texture/T_TL_LS_Dirt_NM.uptnl, 56519737, uptnl, 623520, 623520, 0, 0, 881D4CD41DE8C7666C7C9E3D8726916AE71663CB, False
477, T_TL_LS_Grass_A.uptnl, TutorialLevel_02/Resource/Terrain/Texture/T_TL_LS_Grass_A.uptnl, 57143310, uptnl, 226528, 172022, 1, 226528, E8352615D694EEB734D29C202FE8A18DE1A21B20, False
478, T_TL_LS_Grass_NM.uptnl, TutorialLevel_02/Resource/Terrain/Texture/T_TL_LS_Grass_NM.uptnl, 57315405, uptnl, 623520, 537213, 3, 262144, C2ABB2C47FB6069620BEB8CA5EC195F76C3AD210, False
479, T_TL_LS_MG_A.uptnl, TutorialLevel_02/Resource/Terrain/Texture/T_TL_LS_MG_A.uptnl, 57852723, uptnl, 226528, 157610, 1, 226528, E2E221C1DBDAA059B55F721C632CEE0731E51E7A, False
480, T_TL_LS_MG_NM.uptnl, TutorialLevel_02/Resource/Terrain/Texture/T_TL_LS_MG_NM.uptnl, 58010406, uptnl, 623520, 534480, 3, 262144, B0D79667D58EF21F10530189D85544E89913669A, False
481, T_TL_LS_Mud_A.uptnl, TutorialLevel_02/Resource/Terrain/Texture/T_TL_LS_Mud_A.uptnl, 58544991, uptnl, 226528, 179179, 1, 226528, 2A90C56C26DB7345C72DB62636AFCCE7D785631D, False
482, T_TL_LS_Mud_NM.uptnl, TutorialLevel_02/Resource/Terrain/Texture/T_TL_LS_Mud_NM.uptnl, 58724243, uptnl, 623520, 445519, 3, 262144, B2C6C090FF772C87B1FF42A442CA8FA8789F5B33, False
483, T_TL_LS_WR_A.uptnl, TutorialLevel_02/Resource/Terrain/Texture/T_TL_LS_WR_A.uptnl, 59169867, uptnl, 226528, 178469, 1, 226528, 4D26FF66F8B8AC47BEC899B85C7CAB0F71D34B6E, False
484, T_TL_LS_WR_NM.uptnl, TutorialLevel_02/Resource/Terrain/Texture/T_TL_LS_WR_NM.uptnl, 59348409, uptnl, 623520, 623520, 0, 0, C2F2A5028F91783284A08203E61B345690439B55, False
485, T_TL_LS_YD_A.uptnl, TutorialLevel_02/Resource/Terrain/Texture/T_TL_LS_YD_A.uptnl, 59971982, uptnl, 226528, 183055, 1, 226528, 784477D9189191A782C8F1C2F44DF02A79438822, False
486, T_TL_LS_YD_NM.uptnl, TutorialLevel_02/Resource/Terrain/Texture/T_TL_LS_YD_NM.uptnl, 60155110, uptnl, 623520, 545458, 3, 262144, 7CDDC3DF35A20D3B7A5465BD9259374360C501E8, False
487, T_TL_Vista_01_A.uptnl, TutorialLevel_02/Resource/Vista/Texture/T_TL_Vista_01_A.uptnl, 60700673, uptnl, 226528, 155156, 1, 226528, 0FD65358534F225D985ABA940E1F7822009452A2, False
488, T_TL_Vista_01_N.uptnl, TutorialLevel_02/Resource/Vista/Texture/T_TL_Vista_01_N.uptnl, 60855902, uptnl, 623520, 492094, 3, 262144, 4B104F53C641141646F9B9DF918122D80D5A165E, False
489, T_H2_PA_LED_AA.uptnl, Waiting_Land/Resource/Props/Texture/T_H2_PA_LED_AA.uptnl, 61348101, uptnl, 155664, 7708, 1, 155664, D92E9E7D15B98E2B15025E959972CBD7CE7DD4EF, False
490, T_WL_Ad_A.uptnl, Waiting_Land/Resource/Props/Texture/T_WL_Ad_A.uptnl, 61355882, uptnl, 226528, 68952, 1, 226528, C361AF7CF4560A2AAA1A0A087227A13684967E39, False
491, T_WL_Bark01_A.uptnl, Waiting_Land/Resource/Props/Texture/T_WL_Bark01_A.uptnl, 61424907, uptnl, 56784, 56784, 0, 0, D8283E4617C576B19B7A046BD3000A232E69E77E, False
492, T_WL_Bark01_M.uptnl, Waiting_Land/Resource/Props/Texture/T_WL_Bark01_M.uptnl, 61481744, uptnl, 56784, 40289, 1, 56784, 986CEDE111AD7FEAB987214C21B673BDD5513DCD, False
493, T_WL_Bark01_N.uptnl, Waiting_Land/Resource/Props/Texture/T_WL_Bark01_N.uptnl, 61522106, uptnl, 155664, 120806, 1, 155664, F7BACCD69AA02C01713B6A3987F38F69A15C8F8E, False
494, T_WL_Bark02_A.uptnl, Waiting_Land/Resource/Props/Texture/T_WL_Bark02_A.uptnl, 61642985, uptnl, 56784, 46213, 1, 56784, C44CE7F125A1A12A7D73B98CA5B15F2732C6C249, False
495, T_WL_Bark02_M.uptnl, Waiting_Land/Resource/Props/Texture/T_WL_Bark02_M.uptnl, 61689271, uptnl, 56784, 42434, 1, 56784, 3B6AF35003124801CBAE4A8A1E22847DF91472EE, False
496, T_WL_Bark02_N.uptnl, Waiting_Land/Resource/Props/Texture/T_WL_Bark02_N.uptnl, 61731778, uptnl, 155664, 124870, 1, 155664, 821CA5C386C111E04A54CE2592AA139CB0A8913E, False
497, T_WL_Bark03_A.uptnl, Waiting_Land/Resource/Props/Texture/T_WL_Bark03_A.uptnl, 61856721, uptnl, 56784, 24542, 1, 56784, 0B03EA054D5F3BA5EAB36EA5BE1AB8E81B9E538A, False
498, T_WL_Bark03_M.uptnl, Waiting_Land/Resource/Props/Texture/T_WL_Bark03_M.uptnl, 61881336, uptnl, 56784, 21801, 1, 56784, 042372C58B77BE164D887DA59A5779FD22B64A81, False
499, T_WL_Bark03_N.uptnl, Waiting_Land/Resource/Props/Texture/T_WL_Bark03_N.uptnl, 61903210, uptnl, 155664, 62224, 1, 155664, CBF81EAA8F07912D4AE4D2B45A57A81860279D6E, False
500, T_WL_Canon_01_A.uptnl, Waiting_Land/Resource/Props/Texture/T_WL_Canon_01_A.uptnl, 61965507, uptnl, 28496, 22824, 1, 28496, E22B9784BB58F671257F9D073EF0284503997FB7, False
501, T_WL_Canon_01_M.uptnl, Waiting_Land/Resource/Props/Texture/T_WL_Canon_01_M.uptnl, 61988404, uptnl, 28496, 22521, 1, 28496, 2F34838D00B4B3BAF3197DCEC7D43150410117B3, False
502, T_WL_Canon_01_N.uptnl, Waiting_Land/Resource/Props/Texture/T_WL_Canon_01_N.uptnl, 62010998, uptnl, 78176, 34789, 1, 78176, A11FCD4F553F61370FAE5C7A5DB3FDA36CD7945A, False
503, T_WL_Canon_02_A.uptnl, Waiting_Land/Resource/Props/Texture/T_WL_Canon_02_A.uptnl, 62045860, uptnl, 28496, 18241, 1, 28496, 2DE49DBD54A700158CA413DEAC98AD43601AF35A, False
504, T_WL_Canon_02_M.uptnl, Waiting_Land/Resource/Props/Texture/T_WL_Canon_02_M.uptnl, 62064174, uptnl, 28496, 15955, 1, 28496, 5C90D3CB818EFDB30FB70C31D10D1D95D8114BF3, False
505, T_WL_Canon_02_N.uptnl, Waiting_Land/Resource/Props/Texture/T_WL_Canon_02_N.uptnl, 62080202, uptnl, 78176, 25553, 1, 78176, F91B6D848B3B334B5E8E8B8BC77F06D1F1D36C85, False
506, T_WL_Grass_01_AA.uptnl, Waiting_Land/Resource/Props/Texture/T_WL_Grass_01_AA.uptnl, 62105828, uptnl, 155664, 102802, 1, 155664, E7BDD0475C7189D33B52608802EEFAAD53238D90, False
507, T_WL_Platform_A.uptnl, Waiting_Land/Resource/Props/Texture/T_WL_Platform_A.uptnl, 62208703, uptnl, 898928, 461648, 4, 262144, B3A919DF0EA61DA71CFF1BF12A1AC8D40CA42DB1, False
508, T_WL_Platform_M.uptnl, Waiting_Land/Resource/Props/Texture/T_WL_Platform_M.uptnl, 62670472, uptnl, 226528, 123756, 1, 226528, C6B54B254CE023E5D069CCCB73726F0CD8C0707F, False
509, T_WL_Platform_N.uptnl, Waiting_Land/Resource/Props/Texture/T_WL_Platform_N.uptnl, 62794301, uptnl, 2494944, 786273, 10, 262144, 54585BFEE69278F6ED86C46A411FC868E4DD24BE, False
510, T_WL_Tree_PineLeaf01C_AA.uptnl, Waiting_Land/Resource/Props/Texture/T_WL_Tree_PineLeaf01C_AA.uptnl, 63580791, uptnl, 155664, 49038, 1, 155664, C69B9231FB6CF8359DF87EA3B3E82B5865505CB1, False
511, T_WL_Tree_PineLeaf02_AA.uptnl, Waiting_Land/Resource/Props/Texture/T_WL_Tree_PineLeaf02_AA.uptnl, 63629902, uptnl, 155664, 110315, 1, 155664, 674C41671677D4911D5566648BE1336C1CCA74F2, False
512, T_WL_Tree_PineLeaf03_AA.uptnl, Waiting_Land/Resource/Props/Texture/T_WL_Tree_PineLeaf03_AA.uptnl, 63740290, uptnl, 155664, 28461, 1, 155664, 22B0466BAAF3EE43ECD4F26441E06FE5433A5A8E, False
